id;date;tonepr;rate_shock_abs;rate_shock_rel;toneev;OPEN;h;TRADEDATE;CLOSE;spread;year;trans;trust
0;2013-10-14;-3.9663142380360257;0.0;0.0;;313.37;0;2013-10-14;313.42;0.01595430689897981;2013.0;3.5;
1;2013-11-08;-4.879730164752349;0.0;0.0;;314.99;0;2013-11-08;314.75;-0.07622193655150156;2013.0;3.5;
2;2013-12-13;-4.583010579059484;0.0;0.0;;315.84;0;2013-12-13;316.02;0.0569746478236155;2013.0;3.5;
3;2014-02-14;-7.115753204379045;0.0;0.0;-8.935623510196278;317.9;0;2014-02-14;318.23;0.10375238696571643;2014.0;6.2;0.36
4;2014-03-03;-3.6033172251667085;0.0;0.0;;316.26;0;2014-03-03;315.48;-0.24693715653807402;2014.0;6.2;0.36
5;2014-03-14;-8.123946743760223;0.0;0.0;;309.65;0;2014-03-14;311.65;0.6438135870789452;2014.0;6.2;0.36
6;2014-04-25;-6.852045907510162;0.5;0.07142857142857142;;314.23;0;2014-04-25;313.02;-0.385811558679805;2014.0;6.2;0.36
7;2014-06-16;-6.204978674133912;0.0;0.0;-8.390548496021786;319.16;0;2014-06-16;319.25;0.02819504725684041;2014.0;6.2;0.36
8;2014-07-25;-5.930010197789854;0.5;0.06666666666666667;;318.58;0;2014-07-25;317.6;-0.30808914935107623;2014.0;6.2;0.36
9;2014-09-12;-5.80073801013683;0.0;0.0;-7.212114985002717;320.44;0;2014-09-12;320.5;0.018722501380885603;2014.0;6.2;0.36
10;2014-10-31;-7.8620151245781535;1.5;0.1875;;321.68;0;2014-10-31;321.2;-0.14932805164118435;2014.0;6.2;0.36
11;2014-12-11;-6.766651719138959;1.0;0.10526315789473684;-9.310849410836532;311.11;0;2014-12-11;307.46;-1.1801549907674236;2014.0;6.2;0.36
12;2014-12-16;-2.1958892020342677;0.0;0.0;;289.99;0;2014-12-16;297.44;2.536608434577925;2014.0;6.2;0.36
13;2015-01-30;-6.722367496937038;-2.0;-0.11764705882352941;;304.27;0;2015-01-30;306.49;0.7269663294493078;2015.0;7.2;0.46
14;2015-03-13;-5.121355845086528;-1.0;-0.06666666666666667;-8.869886752654205;318.9;0;2015-03-13;318.09;-0.25432124101953946;2015.0;7.2;0.46
15;2015-04-30;-6.357559135066115;-1.5;-0.10714285714285714;;336.36;0;2015-04-30;338.34;0.5869292082448574;2015.0;7.2;0.46
16;2015-06-15;-6.702271100625785;-1.0;-0.08;-9.070159373225193;350.17;0;2015-06-15;350.27;0.028553480863280356;2015.0;7.2;0.46
17;2015-07-31;-4.965063311513991;-0.5;-0.043478260869565216;;354.6;0;2015-07-31;353.83;-0.21738218404632192;2015.0;7.2;0.46
18;2015-09-11;-5.917393391912702;0.0;0.0;-7.572947587883636;348.19;0;2015-09-11;348.19;0.0;2015.0;7.2;0.46
19;2015-10-30;-5.713729522307707;0.0;0.0;;355.76;0;2015-10-30;355.87;0.030914941999693468;2015.0;7.2;0.46
20;2015-12-11;-6.165860047144953;0.0;0.0;-9.343946130718301;358.9;0;2015-12-11;358.27;-0.17569060670492576;2015.0;7.2;0.46
21;2016-01-29;-6.873474388452071;0.0;0.0;;362.15;0;2016-01-29;362.21;0.016566348262525565;2016.0;7.3;0.42
22;2016-03-18;-5.701132764428126;0.0;0.0;-8.11760735565921;366.35;0;2016-03-18;366.4;0.013647219400159116;2016.0;7.3;0.42
23;2016-04-29;-4.285522624905351;0.0;0.0;;367.37;0;2016-04-29;367.55;0.048984924508577166;2016.0;7.3;0.42
24;2016-06-10;-5.141967837852538;-0.5;-0.045454545454545456;-9.193270211467983;368.72;0;2016-06-10;367.68;-0.2824553751861636;2016.0;7.3;0.42
25;2016-07-29;-5.153685756911098;0.0;0.0;;374.31;0;2016-07-29;374.61;0.08011537041232586;2016.0;7.3;0.42
26;2016-09-16;-5.3945856676447;-0.5;-0.047619047619047616;-10.85829096445404;376.71;0;2016-09-16;375.99;-0.19131133774417108;2016.0;7.3;0.42
27;2016-10-28;-4.247185051924369;0.0;0.0;;379.14;0;2016-10-28;379.54;0.10544631124140835;2016.0;7.3;0.42
28;2016-12-16;-5.224522362458918;0.0;0.0;-10.216359289229997;384.8;0;2016-12-16;384.85;0.012992918877507975;2016.0;7.3;0.42
29;2017-02-03;-5.972102867541159;0.0;0.0;;389.88;0;2017-02-03;390.07;0.04872107282727356;2017.0;7.3;0.42
30;2017-03-24;-5.976451086367311;-0.25;-0.025;-10.138329717317747;393.03;0;2017-03-24;393.17;0.035614347870716045;2017.0;7.3;0.42
31;2017-04-28;-5.21082435941742;-0.5;-0.05128205128205128;;397.75;0;2017-04-28;398.35;0.150734860847912;2017.0;7.3;0.42
32;2017-06-16;-7.684616045968009;-0.25;-0.02702702702702703;-10.174987300916673;403.01;0;2017-06-16;402.86;-0.03722684843268098;2017.0;7.3;0.42
33;2017-07-28;-6.918267496173505;0.0;0.0;;406.04;0;2017-07-28;406.31;0.06647381299744737;2017.0;7.3;0.42
34;2017-09-15;-6.07203453661727;-0.5;-0.05555555555555555;-9.913927689711194;413.11;0;2017-09-15;413.72;0.1475515186124099;2017.0;7.3;0.42
35;2017-10-27;-6.287036696946751;-0.25;-0.029411764705882353;;418.0;0;2017-10-27;418.55;0.1314924581309107;2017.0;7.3;0.42
36;2017-12-15;-5.998248009886984;-0.5;-0.06060606060606061;-11.196960498692736;424.56;0;2017-12-15;425.18;0.1459270153276293;2017.0;7.3;0.42
37;2018-02-09;-6.401688974617332;-0.25;-0.03225806451612903;;431.74;0;2018-02-09;432.21;0.10880260347603254;2018.0;8.3;0.37
38;2018-03-23;-5.552171264241022;-0.25;-0.03333333333333333;-9.722331379666498;438.1;0;2018-03-23;438.2;0.022823234151303495;2018.0;8.3;0.37
39;2018-04-27;-8.344887492231212;0.0;0.0;;438.26;0;2018-04-27;438.76;0.11402249758756255;2018.0;8.3;0.37
40;2018-06-15;-6.937044868810566;0.0;0.0;-10.920530030516979;439.58;0;2018-06-15;438.26;-0.3007384021869619;2018.0;8.3;0.37
41;2018-07-27;-6.639924651131026;0.0;0.0;;440.77;0;2018-07-27;440.98;0.04763254980897358;2018.0;8.3;0.37
42;2018-09-14;-5.499105185917299;0.25;0.034482758620689655;-9.19299204523229;438.65;0;2018-09-14;437.97;-0.15514136943943768;2018.0;8.3;0.37
43;2018-10-26;-6.27864300831847;0.0;0.0;;442.57;0;2018-10-26;442.97;0.09034036344024443;2018.0;8.3;0.37
44;2018-12-14;-5.679919386241788;0.25;0.03333333333333333;-7.63212588713131;446.41;0;2018-12-14;446.96;0.12312929010089846;2018.0;8.3;0.37
45;2019-02-08;-5.475785033299257;0.0;0.0;;455.03;0;2019-02-08;455.39;0.07908438276027496;2019.0;8.3;0.31
46;2019-03-22;-5.734642773662598;0.0;0.0;-10.016770691126691;460.31;0;2019-03-22;460.55;0.05212518850505887;2019.0;8.3;0.31
47;2019-04-26;-6.678236802449576;0.0;0.0;;463.25;0;2019-04-26;463.91;0.14237027298014127;2019.0;8.3;0.31
48;2019-06-14;-6.502453963007933;-0.25;-0.03225806451612903;-9.733010654624437;472.32;0;2019-06-14;473.01;0.14598079454470891;2019.0;8.3;0.31
49;2019-07-26;-5.605500660743729;-0.25;-0.03333333333333333;;480.17;0;2019-07-26;480.1;-0.014579232949873955;2019.0;8.3;0.31
50;2019-09-06;-6.138628403532102;-0.25;-0.034482758620689655;-10.698152053449348;486.46;0;2019-09-06;486.73;0.05548762460110268;2019.0;8.3;0.31
51;2019-10-25;-5.6597367935254175;-0.5;-0.07142857142857142;;496.28;0;2019-10-25;497.06;0.15704595814378663;2019.0;8.3;0.31
52;2019-12-13;-5.856208063622337;-0.25;-0.038461538461538464;-9.722331379666498;503.34;0;2019-12-13;503.39;0.00993314990926919;2019.0;8.3;0.31
53;2020-02-07;-5.802286649755645;-0.25;-0.04;-9.91532356906116;510.05;0;2020-02-07;510.57;0.1018988546166888;2020.0;9.3;0.33
54;2020-03-20;-7.266085381653719;0.0;0.0;-10.205676920261253;499.88;0;2020-03-20;500.48;0.11995682993086731;2020.0;9.3;0.33
55;2020-04-24;-5.7826801597065;-0.5;-0.08333333333333333;-9.803209180032233;517.34;0;2020-04-24;517.72;0.07342569842760938;2020.0;9.3;0.33
56;2020-06-19;-6.434003367385449;-1.0;-0.18181818181818182;-9.963173466248818;530.09;0;2020-06-19;529.86;-0.04339827418462505;2020.0;9.3;0.33
57;2020-07-24;-5.680871983653696;-0.25;-0.05555555555555555;-9.705252163864229;532.4;0;2020-07-24;532.87;0.0882405456826163;2020.0;9.3;0.33
58;2020-09-18;-5.744939403606889;0.0;0.0;-10.96777100241738;534.85;0;2020-09-18;534.77;-0.014958583450042084;2020.0;9.3;0.33
59;2020-10-23;-5.745142552313903;0.0;0.0;-9.921480153055436;536.83;0;2020-10-23;536.94;0.020488559074038903;2020.0;9.3;0.33
60;2020-12-18;-5.594341555113338;0.0;0.0;-11.264777825907201;540.18;0;2020-12-18;540.02;-0.02962414389378054;2020.0;9.3;0.33
61;2021-02-12;-5.820539028880427;0.0;0.0;-9.06933487555284;541.46;0;2021-02-12;541.17;-0.05357324421755294;2021.0;9.8;0.32
62;2021-03-19;-5.3567417055260815;0.25;0.058823529411764705;-10.47012459059856;538.87;0;2021-03-19;537.61;-0.23409642081819726;2021.0;9.8;0.32
63;2021-04-23;-5.530048451384545;0.5;0.1111111111111111;-10.174987300916673;537.26;0;2021-04-23;535.28;-0.3692174183348662;2021.0;9.8;0.32
64;2021-06-11;-4.9225962021980605;0.5;0.1;-9.196092175684617;526.17;0;2021-06-11;526.6;0.0816892624053267;2021.0;9.8;0.32
65;2021-07-23;-5.530025961481924;1.0;0.18181818181818182;-10.152931560437063;527.21;0;2021-07-23;526.89;-0.06071530401872138;2021.0;9.8;0.32
66;2021-09-10;-5.912915441521451;0.25;0.038461538461538464;-10.814859030199948;529.72;0;2021-09-10;530.04;0.06039103376718202;2021.0;9.8;0.32
67;2021-10-22;-5.860373883757891;0.75;0.1111111111111111;-11.27328322686144;525.8;0;2021-10-22;523.68;-0.404010154291079;2021.0;9.8;0.32
68;2021-12-17;-6.725061219611952;1.0;0.13333333333333333;-10.478622411220416;523.73;0;2021-12-17;524.84;0.21171698877946454;2021.0;9.8;0.32
0;2013-10-15;-3.9663142380360257;0.0;0.0;;313.37;1;2013-10-15;313.38;0.0031910650182709333;2013.0;3.5;
4;2014-03-04;-3.6033172251667085;0.0;0.0;;316.26;1;2014-03-04;314.92;-0.42460217789042076;2014.0;6.2;0.36
7;2014-06-17;-6.204978674133912;0.0;0.0;-8.390548496021786;319.16;1;2014-06-17;318.95;-0.06581937521161763;2014.0;6.2;0.36
11;2014-12-12;-6.766651719138959;1.0;0.10526315789473684;-9.310849410836532;311.11;1;2014-12-12;306.34;-1.5450951155719927;2014.0;6.2;0.36
12;2014-12-17;-2.1958892020342677;0.0;0.0;;289.99;1;2014-12-17;299.98;3.3869366139859025;2014.0;6.2;0.36
16;2015-06-16;-6.702271100625785;-1.0;-0.08;-9.070159373225193;350.17;1;2015-06-16;348.36;-0.5182323023633195;2015.0;7.2;0.46
39;2018-04-28;-8.344887492231212;0.0;0.0;;438.26;1;2018-04-28;438.92;0.15048225553409011;2018.0;8.3;0.37
0;2013-10-16;-3.9663142380360257;0.0;0.0;;313.37;2;2013-10-16;313.73;0.11481423681933833;2013.0;3.5;
4;2014-03-05;-3.6033172251667085;0.0;0.0;;316.26;2;2014-03-05;314.53;-0.5485198996811214;2014.0;6.2;0.36
7;2014-06-18;-6.204978674133912;0.0;0.0;-8.390548496021786;319.16;2;2014-06-18;319.61;0.14089580739344854;2014.0;6.2;0.36
12;2014-12-18;-2.1958892020342677;0.0;0.0;;289.99;2;2014-12-18;299.22;3.1332649158732018;2014.0;6.2;0.36
16;2015-06-17;-6.702271100625785;-1.0;-0.08;-9.070159373225193;350.17;2;2015-06-17;347.92;-0.6446182558789815;2015.0;7.2;0.46
0;2013-10-17;-3.9663142380360257;0.0;0.0;;313.37;3;2013-10-17;313.89;0.1658005034985699;2013.0;3.5;
1;2013-11-11;-4.879730164752349;0.0;0.0;;314.99;3;2013-11-11;314.9;-0.028576418299230966;2013.0;3.5;
2;2013-12-16;-4.583010579059484;0.0;0.0;;315.84;3;2013-12-16;315.95;0.03482169743467267;2013.0;3.5;
3;2014-02-17;-7.115753204379045;0.0;0.0;-8.935623510196278;317.9;3;2014-02-17;318.17;0.08489632154216054;2014.0;6.2;0.36
4;2014-03-06;-3.6033172251667085;0.0;0.0;;316.26;3;2014-03-06;314.72;-0.48813054544218915;2014.0;6.2;0.36
5;2014-03-17;-8.123946743760223;0.0;0.0;;309.65;3;2014-03-17;312.21;0.8233410933807583;2014.0;6.2;0.36
6;2014-04-28;-6.852045907510162;0.5;0.07142857142857142;;314.23;3;2014-04-28;314.07;-0.05093108497806753;2014.0;6.2;0.36
7;2014-06-19;-6.204978674133912;0.0;0.0;-8.390548496021786;319.16;3;2014-06-19;319.34;0.056382147147537864;2014.0;6.2;0.36
8;2014-07-28;-5.930010197789854;0.5;0.06666666666666667;;318.58;3;2014-07-28;316.97;-0.5066488691570115;2014.0;6.2;0.36
9;2014-09-15;-5.80073801013683;0.0;0.0;-7.212114985002717;320.44;3;2014-09-15;320.72;0.08734169873356734;2014.0;6.2;0.36
10;2014-11-03;-7.8620151245781535;1.5;0.1875;;321.68;3;2014-11-03;321.64;-0.012435490906970159;2014.0;6.2;0.36
12;2014-12-19;-2.1958892020342677;0.0;0.0;;289.99;3;2014-12-19;303.09;4.4183351480396205;2014.0;6.2;0.36
13;2015-02-02;-6.722367496937038;-2.0;-0.11764705882352941;;304.27;3;2015-02-02;311.54;2.3612275776345726;2015.0;7.2;0.46
14;2015-03-16;-5.121355845086528;-1.0;-0.06666666666666667;-8.869886752654205;318.9;3;2015-03-16;319.11;0.06582969156712082;2015.0;7.2;0.46
16;2015-06-18;-6.702271100625785;-1.0;-0.08;-9.070159373225193;350.17;3;2015-06-18;348.08;-0.5986412435747823;2015.0;7.2;0.46
17;2015-08-03;-4.965063311513991;-0.5;-0.043478260869565216;;354.6;3;2015-08-03;354.25;-0.09875150693181567;2015.0;7.2;0.46
18;2015-09-14;-5.917393391912702;0.0;0.0;-7.572947587883636;348.19;3;2015-09-14;348.69;0.14349675289784258;2015.0;7.2;0.46
19;2015-11-02;-5.713729522307707;0.0;0.0;;355.76;3;2015-11-02;356.71;0.2666780532544877;2015.0;7.2;0.46
20;2015-12-14;-6.165860047144953;0.0;0.0;-9.343946130718301;358.9;3;2015-12-14;358.41;-0.13662156563194472;2015.0;7.2;0.46
21;2016-02-01;-6.873474388452071;0.0;0.0;;362.15;3;2016-02-01;361.57;-0.16028301668367106;2016.0;7.3;0.42
22;2016-03-21;-5.701132764428126;0.0;0.0;-8.11760735565921;366.35;3;2016-03-21;366.11;-0.06553259115555932;2016.0;7.3;0.42
25;2016-08-01;-5.153685756911098;0.0;0.0;;374.31;3;2016-08-01;374.5;0.05074718662338995;2016.0;7.3;0.42
26;2016-09-19;-5.3945856676447;-0.5;-0.047619047619047616;-10.85829096445404;376.71;3;2016-09-19;375.34;-0.3643378805856301;2016.0;7.3;0.42
27;2016-10-31;-4.247185051924369;0.0;0.0;;379.14;3;2016-10-31;379.35;0.05537317706654221;2016.0;7.3;0.42
28;2016-12-19;-5.224522362458918;0.0;0.0;-10.216359289229997;384.8;3;2016-12-19;385.1;0.07793220293121905;2016.0;7.3;0.42
29;2017-02-06;-5.972102867541159;0.0;0.0;;389.88;3;2017-02-06;389.86;-0.005129915101065308;2017.0;7.3;0.42
30;2017-03-27;-5.976451086367311;-0.25;-0.025;-10.138329717317747;393.03;3;2017-03-27;393.14;0.027983769596406916;2017.0;7.3;0.42
32;2017-06-19;-7.684616045968009;-0.25;-0.02702702702702703;-10.174987300916673;403.01;3;2017-06-19;402.97;-0.009925804618671208;2017.0;7.3;0.42
33;2017-07-31;-6.918267496173505;0.0;0.0;;406.04;3;2017-07-31;406.54;0.12306482145856279;2017.0;7.3;0.42
34;2017-09-18;-6.07203453661727;-0.5;-0.05555555555555555;-9.913927689711194;413.11;3;2017-09-18;413.72;0.1475515186124099;2017.0;7.3;0.42
35;2017-10-30;-6.287036696946751;-0.25;-0.029411764705882353;;418.0;3;2017-10-30;418.52;0.12432459880900026;2017.0;7.3;0.42
36;2017-12-18;-5.998248009886984;-0.5;-0.06060606060606061;-11.196960498692736;424.56;3;2017-12-18;425.49;0.2188107454986543;2017.0;7.3;0.42
37;2018-02-12;-6.401688974617332;-0.25;-0.03225806451612903;;431.74;3;2018-02-12;432.58;0.19437251584246695;2018.0;8.3;0.37
38;2018-03-26;-5.552171264241022;-0.25;-0.03333333333333333;-9.722331379666498;438.1;3;2018-03-26;438.21;0.025105271097558557;2018.0;8.3;0.37
39;2018-04-30;-8.344887492231212;0.0;0.0;;438.26;3;2018-04-30;439.16;0.20514697992739528;2018.0;8.3;0.37
40;2018-06-18;-6.937044868810566;0.0;0.0;-10.920530030516979;439.58;3;2018-06-18;437.38;-0.5017343128950635;2018.0;8.3;0.37
41;2018-07-30;-6.639924651131026;0.0;0.0;;440.77;3;2018-07-30;441.27;0.11337355529370541;2018.0;8.3;0.37
42;2018-09-17;-5.499105185917299;0.25;0.034482758620689655;-9.19299204523229;438.65;3;2018-09-17;439.21;0.12758300320356852;2018.0;8.3;0.37
43;2018-10-29;-6.27864300831847;0.0;0.0;;442.57;3;2018-10-29;443.21;0.1445054328093498;2018.0;8.3;0.37
44;2018-12-17;-5.679919386241788;0.25;0.03333333333333333;-7.63212588713131;446.41;3;2018-12-17;447.02;0.1365524092064696;2018.0;8.3;0.37
45;2019-02-11;-5.475785033299257;0.0;0.0;;455.03;3;2019-02-11;455.43;0.08786767694033415;2019.0;8.3;0.31
46;2019-03-25;-5.734642773662598;0.0;0.0;-10.016770691126691;460.31;3;2019-03-25;460.65;0.07383600057471185;2019.0;8.3;0.31
47;2019-04-29;-6.678236802449576;0.0;0.0;;463.25;3;2019-04-29;464.34;0.23501773449536856;2019.0;8.3;0.31
48;2019-06-17;-6.502453963007933;-0.25;-0.03225806451612903;-9.733010654624437;472.32;3;2019-06-17;473.13;0.1713470195523037;2019.0;8.3;0.31
49;2019-07-29;-5.605500660743729;-0.25;-0.03333333333333333;;480.17;3;2019-07-29;480.37;0.0416432429446445;2019.0;8.3;0.31
50;2019-09-09;-6.138628403532102;-0.25;-0.034482758620689655;-10.698152053449348;486.46;3;2019-09-09;486.67;0.04315970184043394;2019.0;8.3;0.31
51;2019-10-28;-5.6597367935254175;-0.5;-0.07142857142857142;;496.28;3;2019-10-28;497.11;0.16710460003439565;2019.0;8.3;0.31
52;2019-12-16;-5.856208063622337;-0.25;-0.038461538461538464;-9.722331379666498;503.34;3;2019-12-16;503.6;0.051641608393371286;2019.0;8.3;0.31
53;2020-02-10;-5.802286649755645;-0.25;-0.04;-9.91532356906116;510.05;3;2020-02-10;510.63;0.11364973594636396;2020.0;9.3;0.33
54;2020-03-23;-7.266085381653719;0.0;0.0;-10.205676920261253;499.88;3;2020-03-23;503.1;0.6420887879690085;2020.0;9.3;0.33
55;2020-04-27;-5.7826801597065;-0.5;-0.08333333333333333;-9.803209180032233;517.34;3;2020-04-27;517.79;0.08694560651285599;2020.0;9.3;0.33
56;2020-06-22;-6.434003367385449;-1.0;-0.18181818181818182;-9.963173466248818;530.09;3;2020-06-22;529.86;-0.04339827418462505;2020.0;9.3;0.33
57;2020-07-27;-5.680871983653696;-0.25;-0.05555555555555555;-9.705252163864229;532.4;3;2020-07-27;532.71;0.05820995178957844;2020.0;9.3;0.33
58;2020-09-21;-5.744939403606889;0.0;0.0;-10.96777100241738;534.85;3;2020-09-21;534.68;-0.03178966488670554;2020.0;9.3;0.33
59;2020-10-26;-5.745142552313903;0.0;0.0;-9.921480153055436;536.83;3;2020-10-26;536.86;0.0055882051630540275;2020.0;9.3;0.33
60;2020-12-21;-5.594341555113338;0.0;0.0;-11.264777825907201;540.18;3;2020-12-21;540.08;-0.01851406148256629;2020.0;9.3;0.33
61;2021-02-15;-5.820539028880427;0.0;0.0;-9.06933487555284;541.46;3;2021-02-15;540.8;-0.12196701011175648;2021.0;9.8;0.32
62;2021-03-22;-5.3567417055260815;0.25;0.058823529411764705;-10.47012459059856;538.87;3;2021-03-22;535.57;-0.6142754135524342;2021.0;9.8;0.32
63;2021-04-26;-5.530048451384545;0.5;0.1111111111111111;-10.174987300916673;537.26;3;2021-04-26;533.86;-0.6348516355521028;2021.0;9.8;0.32
64;2021-06-14;-4.9225962021980605;0.5;0.1;-9.196092175684617;526.17;3;2021-06-14;525.79;-0.07224609614970845;2021.0;9.8;0.32
65;2021-07-26;-5.530025961481924;1.0;0.18181818181818182;-10.152931560437063;527.21;3;2021-07-26;527.14;-0.01327832315700661;2021.0;9.8;0.32
66;2021-09-13;-5.912915441521451;0.25;0.038461538461538464;-10.814859030199948;529.72;3;2021-09-13;530.03;0.05850436590559838;2021.0;9.8;0.32
67;2021-10-25;-5.860373883757891;0.75;0.1111111111111111;-11.27328322686144;525.8;3;2021-10-25;522.77;-0.5779315512781658;2021.0;9.8;0.32
68;2021-12-20;-6.725061219611952;1.0;0.13333333333333333;-10.478622411220416;523.73;3;2021-12-20;526.31;0.4914108399521666;2021.0;9.8;0.32
0;2013-10-18;-3.9663142380360257;0.0;0.0;;313.37;4;2013-10-18;314.18;0.2581469045713547;2013.0;3.5;
1;2013-11-12;-4.879730164752349;0.0;0.0;;314.99;4;2013-11-12;314.98;-0.003174754353718612;2013.0;3.5;
2;2013-12-17;-4.583010579059484;0.0;0.0;;315.84;4;2013-12-17;316.02;0.0569746478236155;2013.0;3.5;
3;2014-02-18;-7.115753204379045;0.0;0.0;-8.935623510196278;317.9;4;2014-02-18;317.67;-0.07237598062843631;2014.0;6.2;0.36
4;2014-03-07;-3.6033172251667085;0.0;0.0;;316.26;4;2014-03-07;314.22;-0.6471282575718718;2014.0;6.2;0.36
5;2014-03-18;-8.123946743760223;0.0;0.0;;309.65;4;2014-03-18;313.65;1.283508715868198;2014.0;6.2;0.36
6;2014-04-29;-6.852045907510162;0.5;0.07142857142857142;;314.23;4;2014-04-29;315.04;0.2574413041661394;2014.0;6.2;0.36
7;2014-06-20;-6.204978674133912;0.0;0.0;-8.390548496021786;319.16;4;2014-06-20;319.98;0.2565949400485934;2014.0;6.2;0.36
8;2014-07-29;-5.930010197789854;0.5;0.06666666666666667;;318.58;4;2014-07-29;317.57;-0.3175354393277985;2014.0;6.2;0.36
9;2014-09-16;-5.80073801013683;0.0;0.0;-7.212114985002717;320.44;4;2014-09-16;321.36;0.2866938704110922;2014.0;6.2;0.36
11;2014-12-15;-6.766651719138959;1.0;0.10526315789473684;-9.310849410836532;311.11;4;2014-12-15;289.99;-7.030010776477269;2014.0;6.2;0.36
13;2015-02-03;-6.722367496937038;-2.0;-0.11764705882352941;;304.27;4;2015-02-03;308.69;1.4422071951361026;2015.0;7.2;0.46
14;2015-03-17;-5.121355845086528;-1.0;-0.06666666666666667;-8.869886752654205;318.9;4;2015-03-17;319.21;0.09716193897224557;2015.0;7.2;0.46
16;2015-06-19;-6.702271100625785;-1.0;-0.08;-9.070159373225193;350.17;4;2015-06-19;349.81;-0.10286009078566138;2015.0;7.2;0.46
17;2015-08-04;-4.965063311513991;-0.5;-0.043478260869565216;;354.6;4;2015-08-04;351.07;-1.000475985837035;2015.0;7.2;0.46
18;2015-09-15;-5.917393391912702;0.0;0.0;-7.572947587883636;348.19;4;2015-09-15;348.9;0.2037040397980583;2015.0;7.2;0.46
19;2015-11-03;-5.713729522307707;0.0;0.0;;355.76;4;2015-11-03;357.54;0.4990897784502124;2015.0;7.2;0.46
20;2015-12-15;-6.165860047144953;0.0;0.0;-9.343946130718301;358.9;4;2015-12-15;355.66;-0.9068579838046986;2015.0;7.2;0.46
21;2016-02-02;-6.873474388452071;0.0;0.0;;362.15;4;2016-02-02;359.76;-0.6621348178883046;2016.0;7.3;0.42
22;2016-03-22;-5.701132764428126;0.0;0.0;-8.11760735565921;366.35;4;2016-03-22;366.2;-0.04095283655631832;2016.0;7.3;0.42
24;2016-06-14;-5.141967837852538;-0.5;-0.045454545454545456;-9.193270211467983;368.72;4;2016-06-14;368.65;-0.018986397659315202;2016.0;7.3;0.42
25;2016-08-02;-5.153685756911098;0.0;0.0;;374.31;4;2016-08-02;372.36;-0.5223202842750574;2016.0;7.3;0.42
26;2016-09-20;-5.3945856676447;-0.5;-0.047619047619047616;-10.85829096445404;376.71;4;2016-09-20;376.31;-0.10623888810989968;2016.0;7.3;0.42
27;2016-11-01;-4.247185051924369;0.0;0.0;;379.14;4;2016-11-01;378.73;-0.10819798646153345;2016.0;7.3;0.42
28;2016-12-20;-5.224522362458918;0.0;0.0;-10.216359289229997;384.8;4;2016-12-20;385.08;0.07273861182142127;2016.0;7.3;0.42
29;2017-02-07;-5.972102867541159;0.0;0.0;;389.88;4;2017-02-07;389.64;-0.061576356625447914;2017.0;7.3;0.42
30;2017-03-28;-5.976451086367311;-0.25;-0.025;-10.138329717317747;393.03;4;2017-03-28;393.35;0.08138559415629132;2017.0;7.3;0.42
31;2017-05-02;-5.21082435941742;-0.5;-0.05128205128205128;;397.75;4;2017-05-02;398.23;0.12060605999737462;2017.0;7.3;0.42
32;2017-06-20;-7.684616045968009;-0.25;-0.02702702702702703;-10.174987300916673;403.01;4;2017-06-20;402.96;-0.01240740972097143;2017.0;7.3;0.42
33;2017-08-01;-6.918267496173505;0.0;0.0;;406.04;4;2017-08-01;406.65;0.15011876965544957;2017.0;7.3;0.42
34;2017-09-19;-6.07203453661727;-0.5;-0.05555555555555555;-9.913927689711194;413.11;4;2017-09-19;414.07;0.23211403346676818;2017.0;7.3;0.42
35;2017-10-31;-6.287036696946751;-0.25;-0.029411764705882353;;418.0;4;2017-10-31;418.51;0.1219351981900374;2017.0;7.3;0.42
36;2017-12-19;-5.998248009886984;-0.5;-0.06060606060606061;-11.196960498692736;424.56;4;2017-12-19;425.63;0.25170857453868933;2017.0;7.3;0.42
37;2018-02-13;-6.401688974617332;-0.25;-0.03225806451612903;;431.74;4;2018-02-13;432.94;0.27755950649783756;2018.0;8.3;0.37
38;2018-03-27;-5.552171264241022;-0.25;-0.03333333333333333;-9.722331379666498;438.1;4;2018-03-27;438.12;0.004565063569295091;2018.0;8.3;0.37
40;2018-06-19;-6.937044868810566;0.0;0.0;-10.920530030516979;439.58;4;2018-06-19;438.55;-0.23458951917367799;2018.0;8.3;0.37
41;2018-07-31;-6.639924651131026;0.0;0.0;;440.77;4;2018-07-31;440.98;0.04763254980897358;2018.0;8.3;0.37
42;2018-09-18;-5.499105185917299;0.25;0.034482758620689655;-9.19299204523229;438.65;4;2018-09-18;439.9;0.2845599780281205;2018.0;8.3;0.37
43;2018-10-30;-6.27864300831847;0.0;0.0;;442.57;4;2018-10-30;442.89;0.07227881867750696;2018.0;8.3;0.37
44;2018-12-18;-5.679919386241788;0.25;0.03333333333333333;-7.63212588713131;446.41;4;2018-12-18;446.79;0.08508733160015325;2018.0;8.3;0.37
45;2019-02-12;-5.475785033299257;0.0;0.0;;455.03;4;2019-02-12;455.44;0.09006337994970082;2019.0;8.3;0.31
46;2019-03-26;-5.734642773662598;0.0;0.0;-10.016770691126691;460.31;4;2019-03-26;460.54;0.04995384802795044;2019.0;8.3;0.31
47;2019-04-30;-6.678236802449576;0.0;0.0;;463.25;4;2019-04-30;465.03;0.38350544698433353;2019.0;8.3;0.31
48;2019-06-18;-6.502453963007933;-0.25;-0.03225806451612903;-9.733010654624437;472.32;4;2019-06-18;473.81;0.3149675481783021;2019.0;8.3;0.31
49;2019-07-30;-5.605500660743729;-0.25;-0.03333333333333333;;480.17;4;2019-07-30;480.57;0.08326915151082304;2019.0;8.3;0.31
50;2019-09-10;-6.138628403532102;-0.25;-0.034482758620689655;-10.698152053449348;486.46;4;2019-09-10;486.22;-0.049348193623899306;2019.0;8.3;0.31
51;2019-10-29;-5.6597367935254175;-0.5;-0.07142857142857142;;496.28;4;2019-10-29;497.34;0.21336132568192667;2019.0;8.3;0.31
52;2019-12-17;-5.856208063622337;-0.25;-0.038461538461538464;-9.722331379666498;503.34;4;2019-12-17;503.56;0.04369848117997677;2019.0;8.3;0.31
53;2020-02-11;-5.802286649755645;-0.25;-0.04;-9.91532356906116;510.05;4;2020-02-11;510.78;0.14302089954929542;2020.0;9.3;0.33
54;2020-03-24;-7.266085381653719;0.0;0.0;-10.205676920261253;499.88;4;2020-03-24;504.27;0.8743769295829651;2020.0;9.3;0.33
55;2020-04-28;-5.7826801597065;-0.5;-0.08333333333333333;-9.803209180032233;517.34;4;2020-04-28;518.1;0.14679752307813487;2020.0;9.3;0.33
56;2020-06-23;-6.434003367385449;-1.0;-0.18181818181818182;-9.963173466248818;530.09;4;2020-06-23;529.49;-0.11325243287538811;2020.0;9.3;0.33
57;2020-07-28;-5.680871983653696;-0.25;-0.05555555555555555;-9.705252163864229;532.4;4;2020-07-28;532.63;0.043191272278786386;2020.0;9.3;0.33
58;2020-09-22;-5.744939403606889;0.0;0.0;-10.96777100241738;534.85;4;2020-09-22;534.12;-0.13658009363766155;2020.0;9.3;0.33
59;2020-10-27;-5.745142552313903;0.0;0.0;-9.921480153055436;536.83;4;2020-10-27;536.64;-0.035399219723686315;2020.0;9.3;0.33
60;2020-12-22;-5.594341555113338;0.0;0.0;-11.264777825907201;540.18;4;2020-12-22;539.74;-0.08148752210299648;2020.0;9.3;0.33
61;2021-02-16;-5.820539028880427;0.0;0.0;-9.06933487555284;541.46;4;2021-02-16;540.31;-0.21261459149624073;2021.0;9.8;0.32
62;2021-03-23;-5.3567417055260815;0.25;0.058823529411764705;-10.47012459059856;538.87;4;2021-03-23;536.2;-0.4967128632739737;2021.0;9.8;0.32
63;2021-04-27;-5.530048451384545;0.5;0.1111111111111111;-10.174987300916673;537.26;4;2021-04-27;533.79;-0.6479645471055839;2021.0;9.8;0.32
64;2021-06-15;-4.9225962021980605;0.5;0.1;-9.196092175684617;526.17;4;2021-06-15;524.27;-0.36175356460885766;2021.0;9.8;0.32
65;2021-07-27;-5.530025961481924;1.0;0.18181818181818182;-10.152931560437063;527.21;4;2021-07-27;527.55;0.06446964461606086;2021.0;9.8;0.32
66;2021-09-14;-5.912915441521451;0.25;0.038461538461538464;-10.814859030199948;529.72;4;2021-09-14;529.95;0.04340974145007337;2021.0;9.8;0.32
67;2021-10-26;-5.860373883757891;0.75;0.1111111111111111;-11.27328322686144;525.8;4;2021-10-26;522.36;-0.6563906943574338;2021.0;9.8;0.32
68;2021-12-21;-6.725061219611952;1.0;0.13333333333333333;-10.478622411220416;523.73;4;2021-12-21;526.57;0.5407991853068062;2021.0;9.8;0.32
1;2013-11-13;-4.879730164752349;0.0;0.0;;314.99;5;2013-11-13;314.83;-0.05080816850595582;2013.0;3.5;
2;2013-12-18;-4.583010579059484;0.0;0.0;;315.84;5;2013-12-18;316.04;0.06330316094151911;2013.0;3.5;
3;2014-02-19;-7.115753204379045;0.0;0.0;-8.935623510196278;317.9;5;2014-02-19;317.53;-0.11645658587617902;2014.0;6.2;0.36
5;2014-03-19;-8.123946743760223;0.0;0.0;;309.65;5;2014-03-19;312.65;0.9641726629237013;2014.0;6.2;0.36
6;2014-04-30;-6.852045907510162;0.5;0.07142857142857142;;314.23;5;2014-04-30;315.16;0.29552445283336226;2014.0;6.2;0.36
8;2014-07-30;-5.930010197789854;0.5;0.06666666666666667;;318.58;5;2014-07-30;318.12;-0.14449507775573522;2014.0;6.2;0.36
9;2014-09-17;-5.80073801013683;0.0;0.0;-7.212114985002717;320.44;5;2014-09-17;321.72;0.3986550688952484;2014.0;6.2;0.36
10;2014-11-05;-7.8620151245781535;1.5;0.1875;;321.68;5;2014-11-05;322.5;0.2545873646808694;2014.0;6.2;0.36
11;2014-12-16;-6.766651719138959;1.0;0.10526315789473684;-9.310849410836532;311.11;5;2014-12-16;297.44;-4.493402341899344;2014.0;6.2;0.36
13;2015-02-04;-6.722367496937038;-2.0;-0.11764705882352941;;304.27;5;2015-02-04;310.12;1.9043854228644186;2015.0;7.2;0.46
14;2015-03-18;-5.121355845086528;-1.0;-0.06666666666666667;-8.869886752654205;318.9;5;2015-03-18;319.66;0.23803569244957856;2015.0;7.2;0.46
15;2015-05-05;-6.357559135066115;-1.5;-0.10714285714285714;;336.36;5;2015-05-05;338.92;0.7582076365566515;2015.0;7.2;0.46
17;2015-08-05;-4.965063311513991;-0.5;-0.043478260869565216;;354.6;5;2015-08-05;350.34;-1.2086282116606561;2015.0;7.2;0.46
18;2015-09-16;-5.917393391912702;0.0;0.0;-7.572947587883636;348.19;5;2015-09-16;347.28;-0.2616936803409686;2015.0;7.2;0.46
20;2015-12-16;-6.165860047144953;0.0;0.0;-9.343946130718301;358.9;5;2015-12-16;356.54;-0.6597362629846337;2015.0;7.2;0.46
21;2016-02-03;-6.873474388452071;0.0;0.0;;362.15;5;2016-02-03;360.37;-0.4927209215370709;2016.0;7.3;0.42
22;2016-03-23;-5.701132764428126;0.0;0.0;-8.11760735565921;366.35;5;2016-03-23;365.44;-0.24870535783820813;2016.0;7.3;0.42
23;2016-05-04;-4.285522624905351;0.0;0.0;;367.37;5;2016-05-04;367.79;0.11426085360852767;2016.0;7.3;0.42
24;2016-06-15;-5.141967837852538;-0.5;-0.045454545454545456;-9.193270211467983;368.72;5;2016-06-15;368.65;-0.018986397659315202;2016.0;7.3;0.42
25;2016-08-03;-5.153685756911098;0.0;0.0;;374.31;5;2016-08-03;372.87;-0.3854497665510159;2016.0;7.3;0.42
26;2016-09-21;-5.3945856676447;-0.5;-0.047619047619047616;-10.85829096445404;376.71;5;2016-09-21;377.03;0.08490992098755257;2016.0;7.3;0.42
27;2016-11-02;-4.247185051924369;0.0;0.0;;379.14;5;2016-11-02;378.92;-0.05804290060851258;2016.0;7.3;0.42
28;2016-12-21;-5.224522362458918;0.0;0.0;-10.216359289229997;384.8;5;2016-12-21;385.24;0.1142797901112047;2016.0;7.3;0.42
29;2017-02-08;-5.972102867541159;0.0;0.0;;389.88;5;2017-02-08;389.73;-0.038480779325844594;2017.0;7.3;0.42
30;2017-03-29;-5.976451086367311;-0.25;-0.025;-10.138329717317747;393.03;5;2017-03-29;393.64;0.15508411970959202;2017.0;7.3;0.42
31;2017-05-03;-5.21082435941742;-0.5;-0.05128205128205128;;397.75;5;2017-05-03;397.96;0.052783050326254966;2017.0;7.3;0.42
32;2017-06-21;-7.684616045968009;-0.25;-0.02702702702702703;-10.174987300916673;403.01;5;2017-06-21;403.37;0.08928793470008856;2017.0;7.3;0.42
33;2017-08-02;-6.918267496173505;0.0;0.0;;406.04;5;2017-08-02;406.81;0.1894569060268303;2017.0;7.3;0.42
34;2017-09-20;-6.07203453661727;-0.5;-0.05555555555555555;-9.913927689711194;413.11;5;2017-09-20;414.08;0.23452905490017883;2017.0;7.3;0.42
35;2017-11-01;-6.287036696946751;-0.25;-0.029411764705882353;;418.0;5;2017-11-01;418.92;0.2198538380188353;2017.0;7.3;0.42
36;2017-12-20;-5.998248009886984;-0.5;-0.06060606060606061;-11.196960498692736;424.56;5;2017-12-20;425.77;0.284595584466274;2017.0;7.3;0.42
37;2018-02-14;-6.401688974617332;-0.25;-0.03225806451612903;;431.74;5;2018-02-14;433.25;0.3491373388984087;2018.0;8.3;0.37
38;2018-03-28;-5.552171264241022;-0.25;-0.03333333333333333;-9.722331379666498;438.1;5;2018-03-28;438.19;0.020541145126973248;2018.0;8.3;0.37
39;2018-05-02;-8.344887492231212;0.0;0.0;;438.26;5;2018-05-02;438.54;0.06386861530973675;2018.0;8.3;0.37
40;2018-06-20;-6.937044868810566;0.0;0.0;-10.920530030516979;439.58;5;2018-06-20;438.64;-0.21406944933346495;2018.0;8.3;0.37
41;2018-08-01;-6.639924651131026;0.0;0.0;;440.77;5;2018-08-01;440.76;-0.002268782684744508;2018.0;8.3;0.37
42;2018-09-19;-5.499105185917299;0.25;0.034482758620689655;-9.19299204523229;438.65;5;2018-09-19;440.02;0.31183518503423713;2018.0;8.3;0.37
43;2018-10-31;-6.27864300831847;0.0;0.0;;442.57;5;2018-10-31;443.09;0.11742656544315722;2018.0;8.3;0.37
44;2018-12-19;-5.679919386241788;0.25;0.03333333333333333;-7.63212588713131;446.41;5;2018-12-19;447.31;0.20140542994031563;2018.0;8.3;0.37
45;2019-02-13;-5.475785033299257;0.0;0.0;;455.03;5;2019-02-13;454.81;-0.04836015217790646;2019.0;8.3;0.31
46;2019-03-27;-5.734642773662598;0.0;0.0;-10.016770691126691;460.31;5;2019-03-27;460.1;-0.04563183877710486;2019.0;8.3;0.31
48;2019-06-19;-6.502453963007933;-0.25;-0.03225806451612903;-9.733010654624437;472.32;5;2019-06-19;474.71;0.5047369299716387;2019.0;8.3;0.31
49;2019-07-31;-5.605500660743729;-0.25;-0.03333333333333333;;480.17;5;2019-07-31;480.76;0.12279772181944537;2019.0;8.3;0.31
50;2019-09-11;-6.138628403532102;-0.25;-0.034482758620689655;-10.698152053449348;486.46;5;2019-09-11;487.1;0.1314762505017164;2019.0;8.3;0.31
51;2019-10-30;-5.6597367935254175;-0.5;-0.07142857142857142;;496.28;5;2019-10-30;497.36;0.21738263864117258;2019.0;8.3;0.31
52;2019-12-18;-5.856208063622337;-0.25;-0.038461538461538464;-9.722331379666498;503.34;5;2019-12-18;503.57;0.045684322134054156;2019.0;8.3;0.31
53;2020-02-12;-5.802286649755645;-0.25;-0.04;-9.91532356906116;510.05;5;2020-02-12;510.77;0.14106309033774522;2020.0;9.3;0.33
54;2020-03-25;-7.266085381653719;0.0;0.0;-10.205676920261253;499.88;5;2020-03-25;503.75;0.7712043643310018;2020.0;9.3;0.33
55;2020-04-29;-5.7826801597065;-0.5;-0.08333333333333333;-9.803209180032233;517.34;5;2020-04-29;518.41;0.20661363855083437;2020.0;9.3;0.33
57;2020-07-29;-5.680871983653696;-0.25;-0.05555555555555555;-9.705252163864229;532.4;5;2020-07-29;532.21;-0.03569382252983644;2020.0;9.3;0.33
58;2020-09-23;-5.744939403606889;0.0;0.0;-10.96777100241738;534.85;5;2020-09-23;533.94;-0.1702860655313998;2020.0;9.3;0.33
59;2020-10-28;-5.745142552313903;0.0;0.0;-9.921480153055436;536.83;5;2020-10-28;536.54;-0.05403542246495974;2020.0;9.3;0.33
60;2020-12-23;-5.594341555113338;0.0;0.0;-11.264777825907201;540.18;5;2020-12-23;540.02;-0.02962414389378054;2020.0;9.3;0.33
61;2021-02-17;-5.820539028880427;0.0;0.0;-9.06933487555284;541.46;5;2021-02-17;540.61;-0.15710631933867347;2021.0;9.8;0.32
62;2021-03-24;-5.3567417055260815;0.25;0.058823529411764705;-10.47012459059856;538.87;5;2021-03-24;536.86;-0.37370015508866317;2021.0;9.8;0.32
63;2021-04-28;-5.530048451384545;0.5;0.1111111111111111;-10.174987300916673;537.26;5;2021-04-28;533.81;-0.6442178254865816;2021.0;9.8;0.32
64;2021-06-16;-4.9225962021980605;0.5;0.1;-9.196092175684617;526.17;5;2021-06-16;524.05;-0.40372548219700377;2021.0;9.8;0.32
65;2021-07-28;-5.530025961481924;1.0;0.18181818181818182;-10.152931560437063;527.21;5;2021-07-28;527.47;0.04930405530902959;2021.0;9.8;0.32
66;2021-09-15;-5.912915441521451;0.25;0.038461538461538464;-10.814859030199948;529.72;5;2021-09-15;529.96;0.04529669411592607;2021.0;9.8;0.32
67;2021-10-27;-5.860373883757891;0.75;0.1111111111111111;-11.27328322686144;525.8;5;2021-10-27;520.78;-0.9593224596572192;2021.0;9.8;0.32
68;2021-12-22;-6.725061219611952;1.0;0.13333333333333333;-10.478622411220416;523.73;5;2021-12-22;527.61;0.738109006666221;2021.0;9.8;0.32
1;2013-11-14;-4.879730164752349;0.0;0.0;;314.99;6;2013-11-14;314.78;-0.06669101665170984;2013.0;3.5;
2;2013-12-19;-4.583010579059484;0.0;0.0;;315.84;6;2013-12-19;316.16;0.10126583143863499;2013.0;3.5;
3;2014-02-20;-7.115753204379045;0.0;0.0;-8.935623510196278;317.9;6;2014-02-20;317.5;-0.12590495840107963;2014.0;6.2;0.36
5;2014-03-20;-8.123946743760223;0.0;0.0;;309.65;6;2014-03-20;311.81;0.6951400566239663;2014.0;6.2;0.36
8;2014-07-31;-5.930010197789854;0.5;0.06666666666666667;;318.58;6;2014-07-31;318.02;-0.17593469822410057;2014.0;6.2;0.36
9;2014-09-18;-5.80073801013683;0.0;0.0;-7.212114985002717;320.44;6;2014-09-18;321.73;0.40176331351435834;2014.0;6.2;0.36
10;2014-11-06;-7.8620151245781535;1.5;0.1875;;321.68;6;2014-11-06;321.94;0.08079301890653312;2014.0;6.2;0.36
11;2014-12-17;-6.766651719138959;1.0;0.10526315789473684;-9.310849410836532;311.11;6;2014-12-17;299.98;-3.6430741624913665;2014.0;6.2;0.36
12;2014-12-22;-2.1958892020342677;0.0;0.0;;289.99;6;2014-12-22;302.5;4.223483784354176;2014.0;6.2;0.36
13;2015-02-05;-6.722367496937038;-2.0;-0.11764705882352941;;304.27;6;2015-02-05;312.02;2.515182319698983;2015.0;7.2;0.46
14;2015-03-19;-5.121355845086528;-1.0;-0.06666666666666667;-8.869886752654205;318.9;6;2015-03-19;321.04;0.6688151942649156;2015.0;7.2;0.46
15;2015-05-06;-6.357559135066115;-1.5;-0.10714285714285714;;336.36;6;2015-05-06;338.96;0.7700091353606275;2015.0;7.2;0.46
17;2015-08-06;-4.965063311513991;-0.5;-0.043478260869565216;;354.6;6;2015-08-06;350.59;-1.137294409254963;2015.0;7.2;0.46
18;2015-09-17;-5.917393391912702;0.0;0.0;-7.572947587883636;348.19;6;2015-09-17;347.36;-0.23866016647664523;2015.0;7.2;0.46
19;2015-11-05;-5.713729522307707;0.0;0.0;;355.76;6;2015-11-05;357.31;0.434740612069362;2015.0;7.2;0.46
20;2015-12-17;-6.165860047144953;0.0;0.0;-9.343946130718301;358.9;6;2015-12-17;356.46;-0.6821766557856712;2015.0;7.2;0.46
21;2016-02-04;-6.873474388452071;0.0;0.0;;362.15;6;2016-02-04;360.51;-0.4538795050017086;2016.0;7.3;0.42
22;2016-03-24;-5.701132764428126;0.0;0.0;-8.11760735565921;366.35;6;2016-03-24;366.02;-0.09011838888373092;2016.0;7.3;0.42
23;2016-05-05;-4.285522624905351;0.0;0.0;;367.37;6;2016-05-05;368.2;0.22567542239668725;2016.0;7.3;0.42
24;2016-06-16;-5.141967837852538;-0.5;-0.045454545454545456;-9.193270211467983;368.72;6;2016-06-16;369.09;0.10029683279348944;2016.0;7.3;0.42
25;2016-08-04;-5.153685756911098;0.0;0.0;;374.31;6;2016-08-04;373.17;-0.3050251201057286;2016.0;7.3;0.42
26;2016-09-22;-5.3945856676447;-0.5;-0.047619047619047616;-10.85829096445404;376.71;6;2016-09-22;376.93;0.058383314646004436;2016.0;7.3;0.42
27;2016-11-03;-4.247185051924369;0.0;0.0;;379.14;6;2016-11-03;379.17;0.007912331372583736;2016.0;7.3;0.42
28;2016-12-22;-5.224522362458918;0.0;0.0;-10.216359289229997;384.8;6;2016-12-22;385.47;0.1739650171947993;2016.0;7.3;0.42
29;2017-02-09;-5.972102867541159;0.0;0.0;;389.88;6;2017-02-09;389.75;-0.033349153112371965;2017.0;7.3;0.42
30;2017-03-30;-5.976451086367311;-0.25;-0.025;-10.138329717317747;393.03;6;2017-03-30;393.63;0.15254369520452116;2017.0;7.3;0.42
31;2017-05-04;-5.21082435941742;-0.5;-0.05128205128205128;;397.75;6;2017-05-04;397.31;-0.11068348172962317;2017.0;7.3;0.42
32;2017-06-22;-7.684616045968009;-0.25;-0.02702702702702703;-10.174987300916673;403.01;6;2017-06-22;403.61;0.14876896448416943;2017.0;7.3;0.42
33;2017-08-03;-6.918267496173505;0.0;0.0;;406.04;6;2017-08-03;406.96;0.22632235982795734;2017.0;7.3;0.42
34;2017-09-21;-6.07203453661727;-0.5;-0.05555555555555555;-9.913927689711194;413.11;6;2017-09-21;414.47;0.32866942755189754;2017.0;7.3;0.42
35;2017-11-02;-6.287036696946751;-0.25;-0.029411764705882353;;418.0;6;2017-11-02;418.96;0.2294017446476282;2017.0;7.3;0.42
36;2017-12-21;-5.998248009886984;-0.5;-0.06060606060606061;-11.196960498692736;424.56;6;2017-12-21;426.46;0.44652373784481725;2017.0;7.3;0.42
37;2018-02-15;-6.401688974617332;-0.25;-0.03225806451612903;;431.74;6;2018-02-15;433.8;0.47600431860432835;2018.0;8.3;0.37
38;2018-03-29;-5.552171264241022;-0.25;-0.03333333333333333;-9.722331379666498;438.1;6;2018-03-29;438.49;0.08898117152424945;2018.0;8.3;0.37
39;2018-05-03;-8.344887492231212;0.0;0.0;;438.26;6;2018-05-03;438.8;0.1231386833817183;2018.0;8.3;0.37
40;2018-06-21;-6.937044868810566;0.0;0.0;-10.920530030516979;439.58;6;2018-06-21;439.05;-0.12064237831230784;2018.0;8.3;0.37
41;2018-08-02;-6.639924651131026;0.0;0.0;;440.77;6;2018-08-02;440.8;0.006806039228113292;2018.0;8.3;0.37
42;2018-09-20;-5.499105185917299;0.25;0.034482758620689655;-9.19299204523229;438.65;6;2018-09-20;440.02;0.31183518503423713;2018.0;8.3;0.37
43;2018-11-01;-6.27864300831847;0.0;0.0;;442.57;6;2018-11-01;443.14;0.12871031797994092;2018.0;8.3;0.37
44;2018-12-20;-5.679919386241788;0.25;0.03333333333333333;-7.63212588713131;446.41;6;2018-12-20;447.75;0.2997228690936993;2018.0;8.3;0.37
45;2019-02-14;-5.475785033299257;0.0;0.0;;455.03;6;2019-02-14;455.21;0.03955000930435659;2019.0;8.3;0.31
46;2019-03-28;-5.734642773662598;0.0;0.0;-10.016770691126691;460.31;6;2019-03-28;460.27;-0.00869017359175217;2019.0;8.3;0.31
47;2019-05-02;-6.678236802449576;0.0;0.0;;463.25;6;2019-05-02;465.02;0.38135502496396967;2019.0;8.3;0.31
48;2019-06-20;-6.502453963007933;-0.25;-0.03225806451612903;-9.733010654624437;472.32;6;2019-06-20;474.54;0.4689191787328184;2019.0;8.3;0.31
49;2019-08-01;-5.605500660743729;-0.25;-0.03333333333333333;;480.17;6;2019-08-01;480.25;0.016659378227235067;2019.0;8.3;0.31
50;2019-09-12;-6.138628403532102;-0.25;-0.034482758620689655;-10.698152053449348;486.46;6;2019-09-12;486.77;0.0637053955353295;2019.0;8.3;0.31
51;2019-10-31;-5.6597367935254175;-0.5;-0.07142857142857142;;496.28;6;2019-10-31;497.76;0.2977749574657018;2019.0;8.3;0.31
52;2019-12-19;-5.856208063622337;-0.25;-0.038461538461538464;-9.722331379666498;503.34;6;2019-12-19;503.67;0.06554056301579791;2019.0;8.3;0.31
53;2020-02-13;-5.802286649755645;-0.25;-0.04;-9.91532356906116;510.05;6;2020-02-13;511.06;0.19782400121055588;2020.0;9.3;0.33
54;2020-03-26;-7.266085381653719;0.0;0.0;-10.205676920261253;499.88;6;2020-03-26;505.15;1.0487345256158243;2020.0;9.3;0.33
55;2020-04-30;-5.7826801597065;-0.5;-0.08333333333333333;-9.803209180032233;517.34;6;2020-04-30;519.1;0.33962442432224904;2020.0;9.3;0.33
56;2020-06-25;-6.434003367385449;-1.0;-0.18181818181818182;-9.963173466248818;530.09;6;2020-06-25;529.93;-0.03018810988759668;2020.0;9.3;0.33
57;2020-07-30;-5.680871983653696;-0.25;-0.05555555555555555;-9.705252163864229;532.4;6;2020-07-30;532.46;0.011269087028065172;2020.0;9.3;0.33
58;2020-09-24;-5.744939403606889;0.0;0.0;-10.96777100241738;534.85;6;2020-09-24;534.09;-0.14219696672581605;2020.0;9.3;0.33
59;2020-10-29;-5.745142552313903;0.0;0.0;-9.921480153055436;536.83;6;2020-10-29;536.18;-0.12115452409728888;2020.0;9.3;0.33
60;2020-12-24;-5.594341555113338;0.0;0.0;-11.264777825907201;540.18;6;2020-12-24;540.41;0.04256933776423111;2020.0;9.3;0.33
61;2021-02-18;-5.820539028880427;0.0;0.0;-9.06933487555284;541.46;6;2021-02-18;540.62;-0.1552565741409495;2021.0;9.8;0.32
62;2021-03-25;-5.3567417055260815;0.25;0.058823529411764705;-10.47012459059856;538.87;6;2021-03-25;538.09;-0.14485220182445246;2021.0;9.8;0.32
63;2021-04-29;-5.530048451384545;0.5;0.1111111111111111;-10.174987300916673;537.26;6;2021-04-29;533.87;-0.6329785028312607;2021.0;9.8;0.32
64;2021-06-17;-4.9225962021980605;0.5;0.1;-9.196092175684617;526.17;6;2021-06-17;524.99;-0.224513964698847;2021.0;9.8;0.32
65;2021-07-29;-5.530025961481924;1.0;0.18181818181818182;-10.152931560437063;527.21;6;2021-07-29;527.64;0.08152818387783256;2021.0;9.8;0.32
66;2021-09-16;-5.912915441521451;0.25;0.038461538461538464;-10.814859030199948;529.72;6;2021-09-16;529.91;0.0358615747074964;2021.0;9.8;0.32
67;2021-10-28;-5.860373883757891;0.75;0.1111111111111111;-11.27328322686144;525.8;6;2021-10-28;520.74;-0.9670035411573075;2021.0;9.8;0.32
68;2021-12-23;-6.725061219611952;1.0;0.13333333333333333;-10.478622411220416;523.73;6;2021-12-23;527.73;0.7608504929203619;2021.0;9.8;0.32
0;2013-10-21;-3.9663142380360257;0.0;0.0;;313.37;7;2013-10-21;314.31;0.29951590069030587;2013.0;3.5;
1;2013-11-15;-4.879730164752349;0.0;0.0;;314.99;7;2013-11-15;315.09;0.031742001282175636;2013.0;3.5;
2;2013-12-20;-4.583010579059484;0.0;0.0;;315.84;7;2013-12-20;316.35;0.16134393477766906;2013.0;3.5;
3;2014-02-21;-7.115753204379045;0.0;0.0;-8.935623510196278;317.9;7;2014-02-21;317.97;0.022017079051650512;2014.0;6.2;0.36
5;2014-03-21;-8.123946743760223;0.0;0.0;;309.65;7;2014-03-21;313.34;1.184623558127118;2014.0;6.2;0.36
6;2014-05-02;-6.852045907510162;0.5;0.07142857142857142;;314.23;7;2014-05-02;314.59;0.11450018744021406;2014.0;6.2;0.36
7;2014-06-23;-6.204978674133912;0.0;0.0;-8.390548496021786;319.16;7;2014-06-23;320.27;0.3471845596759948;2014.0;6.2;0.36
8;2014-08-01;-5.930010197789854;0.5;0.06666666666666667;;318.58;7;2014-08-01;318.17;-0.1287789734313094;2014.0;6.2;0.36
9;2014-09-19;-5.80073801013683;0.0;0.0;-7.212114985002717;320.44;7;2014-09-19;322.0;0.48564941974929;2014.0;6.2;0.36
10;2014-11-07;-7.8620151245781535;1.5;0.1875;;321.68;7;2014-11-07;322.76;0.33517503912872115;2014.0;6.2;0.36
11;2014-12-18;-6.766651719138959;1.0;0.10526315789473684;-9.310849410836532;311.11;7;2014-12-18;299.22;-3.8967458606040672;2014.0;6.2;0.36
12;2014-12-23;-2.1958892020342677;0.0;0.0;;289.99;7;2014-12-23;304.82;4.987499883034907;2014.0;6.2;0.36
13;2015-02-06;-6.722367496937038;-2.0;-0.11764705882352941;;304.27;7;2015-02-06;312.08;2.534410007628729;2015.0;7.2;0.46
14;2015-03-20;-5.121355845086528;-1.0;-0.06666666666666667;-8.869886752654205;318.9;7;2015-03-20;322.77;1.20624212579159;2015.0;7.2;0.46
15;2015-05-07;-6.357559135066115;-1.5;-0.10714285714285714;;336.36;7;2015-05-07;338.99;0.7788593455589243;2015.0;7.2;0.46
16;2015-06-22;-6.702271100625785;-1.0;-0.08;-9.070159373225193;350.17;7;2015-06-22;349.3;-0.248759903538609;2015.0;7.2;0.46
17;2015-08-07;-4.965063311513991;-0.5;-0.043478260869565216;;354.6;7;2015-08-07;350.89;-1.0517609604638878;2015.0;7.2;0.46
18;2015-09-18;-5.917393391912702;0.0;0.0;-7.572947587883636;348.19;7;2015-09-18;347.92;-0.07757395053653582;2015.0;7.2;0.46
19;2015-11-06;-5.713729522307707;0.0;0.0;;355.76;7;2015-11-06;357.13;0.38435149505220423;2015.0;7.2;0.46
20;2015-12-18;-6.165860047144953;0.0;0.0;-9.343946130718301;358.9;7;2015-12-18;356.44;-0.6877875409042389;2015.0;7.2;0.46
21;2016-02-05;-6.873474388452071;0.0;0.0;;362.15;7;2016-02-05;360.42;-0.47884725512101767;2016.0;7.3;0.42
22;2016-03-25;-5.701132764428126;0.0;0.0;-8.11760735565921;366.35;7;2016-03-25;366.19;-0.043683622066925665;2016.0;7.3;0.42
23;2016-05-06;-4.285522624905351;0.0;0.0;;367.37;7;2016-05-06;368.28;0.24740038446342538;2016.0;7.3;0.42
24;2016-06-17;-5.141967837852538;-0.5;-0.045454545454545456;-9.193270211467983;368.72;7;2016-06-17;369.73;0.2735461113949178;2016.0;7.3;0.42
25;2016-08-05;-5.153685756911098;0.0;0.0;;374.31;7;2016-08-05;373.68;-0.16845148971871282;2016.0;7.3;0.42
26;2016-09-23;-5.3945856676447;-0.5;-0.047619047619047616;-10.85829096445404;376.71;7;2016-09-23;376.98;0.07164749739283494;2016.0;7.3;0.42
28;2016-12-23;-5.224522362458918;0.0;0.0;-10.216359289229997;384.8;7;2016-12-23;385.68;0.22842913058154224;2016.0;7.3;0.42
29;2017-02-10;-5.972102867541159;0.0;0.0;;389.88;7;2017-02-10;390.02;0.03590203910848189;2017.0;7.3;0.42
30;2017-03-31;-5.976451086367311;-0.25;-0.025;-10.138329717317747;393.03;7;2017-03-31;393.84;0.20587906162559122;2017.0;7.3;0.42
31;2017-05-05;-5.21082435941742;-0.5;-0.05128205128205128;;397.75;7;2017-05-05;397.97;0.055295834113966436;2017.0;7.3;0.42
32;2017-06-23;-7.684616045968009;-0.25;-0.02702702702702703;-10.174987300916673;403.01;7;2017-06-23;403.94;0.23049765456377713;2017.0;7.3;0.42
33;2017-08-04;-6.918267496173505;0.0;0.0;;406.04;7;2017-08-04;407.56;0.37364841898543943;2017.0;7.3;0.42
34;2017-09-22;-6.07203453661727;-0.5;-0.05555555555555555;-9.913927689711194;413.11;7;2017-09-22;415.07;0.4733279382037381;2017.0;7.3;0.42
35;2017-11-03;-6.287036696946751;-0.25;-0.029411764705882353;;418.0;7;2017-11-03;419.15;0.2747418559110315;2017.0;7.3;0.42
36;2017-12-22;-5.998248009886984;-0.5;-0.06060606060606061;-11.196960498692736;424.56;7;2017-12-22;426.93;0.5566726844039138;2017.0;7.3;0.42
37;2018-02-16;-6.401688974617332;-0.25;-0.03225806451612903;;431.74;7;2018-02-16;434.18;0.5635639453878127;2018.0;8.3;0.37
38;2018-03-30;-5.552171264241022;-0.25;-0.03333333333333333;-9.722331379666498;438.1;7;2018-03-30;438.72;0.14142015540965502;2018.0;8.3;0.37
39;2018-05-04;-8.344887492231212;0.0;0.0;;438.26;7;2018-05-04;439.29;0.23474456680174782;2018.0;8.3;0.37
40;2018-06-22;-6.937044868810566;0.0;0.0;-10.920530030516979;439.58;7;2018-06-22;438.84;-0.16848436398371192;2018.0;8.3;0.37
41;2018-08-03;-6.639924651131026;0.0;0.0;;440.77;7;2018-08-03;440.71;-0.013613468278972363;2018.0;8.3;0.37
42;2018-09-21;-5.499105185917299;0.25;0.034482758620689655;-9.19299204523229;438.65;7;2018-09-21;440.62;0.44809974100266103;2018.0;8.3;0.37
43;2018-11-02;-6.27864300831847;0.0;0.0;;442.57;7;2018-11-02;443.59;0.2302068363408516;2018.0;8.3;0.37
44;2018-12-21;-5.679919386241788;0.25;0.03333333333333333;-7.63212588713131;446.41;7;2018-12-21;448.39;0.4425577182934681;2018.0;8.3;0.37
45;2019-02-15;-5.475785033299257;0.0;0.0;;455.03;7;2019-02-15;455.74;0.15591206206302388;2019.0;8.3;0.31
46;2019-03-29;-5.734642773662598;0.0;0.0;-10.016770691126691;460.31;7;2019-03-29;460.37;0.013033844568077768;2019.0;8.3;0.31
47;2019-05-03;-6.678236802449576;0.0;0.0;;463.25;7;2019-05-03;465.06;0.38995643560060245;2019.0;8.3;0.31
48;2019-06-21;-6.502453963007933;-0.25;-0.03225806451612903;-9.733010654624437;472.32;7;2019-06-21;474.79;0.5215879042085092;2019.0;8.3;0.31
49;2019-08-02;-5.605500660743729;-0.25;-0.03333333333333333;;480.17;7;2019-08-02;480.53;0.07494535585514939;2019.0;8.3;0.31
50;2019-09-13;-6.138628403532102;-0.25;-0.034482758620689655;-10.698152053449348;486.46;7;2019-09-13;487.29;0.17047500919344927;2019.0;8.3;0.31
51;2019-11-01;-5.6597367935254175;-0.5;-0.07142857142857142;;496.28;7;2019-11-01;498.24;0.39416050709633055;2019.0;8.3;0.31
52;2019-12-20;-5.856208063622337;-0.25;-0.038461538461538464;-9.722331379666498;503.34;7;2019-12-20;503.95;0.12111707146287287;2019.0;8.3;0.31
53;2020-02-14;-5.802286649755645;-0.25;-0.04;-9.91532356906116;510.05;7;2020-02-14;511.47;0.27801725167213576;2020.0;9.3;0.33
54;2020-03-27;-7.266085381653719;0.0;0.0;-10.205676920261253;499.88;7;2020-03-27;505.04;1.0269564441786727;2020.0;9.3;0.33
56;2020-06-26;-6.434003367385449;-1.0;-0.18181818181818182;-9.963173466248818;530.09;7;2020-06-26;530.09;0.0;2020.0;9.3;0.33
57;2020-07-31;-5.680871983653696;-0.25;-0.05555555555555555;-9.705252163864229;532.4;7;2020-07-31;532.74;0.06384137513331112;2020.0;9.3;0.33
58;2020-09-25;-5.744939403606889;0.0;0.0;-10.96777100241738;534.85;7;2020-09-25;533.98;-0.16279486768535634;2020.0;9.3;0.33
59;2020-10-30;-5.745142552313903;0.0;0.0;-9.921480153055436;536.83;7;2020-10-30;536.08;-0.13980671671660616;2020.0;9.3;0.33
60;2020-12-25;-5.594341555113338;0.0;0.0;-11.264777825907201;540.18;7;2020-12-25;540.92;0.13689762567183905;2020.0;9.3;0.33
61;2021-02-19;-5.820539028880427;0.0;0.0;-9.06933487555284;541.46;7;2021-02-19;540.9;-0.10347759524904632;2021.0;9.8;0.32
62;2021-03-26;-5.3567417055260815;0.25;0.058823529411764705;-10.47012459059856;538.87;7;2021-03-26;538.61;-0.04826075751687142;2021.0;9.8;0.32
63;2021-04-30;-5.530048451384545;0.5;0.1111111111111111;-10.174987300916673;537.26;7;2021-04-30;533.2;-0.7585560353356335;2021.0;9.8;0.32
64;2021-06-18;-4.9225962021980605;0.5;0.1;-9.196092175684617;526.17;7;2021-06-18;524.74;-0.2721452612658659;2021.0;9.8;0.32
65;2021-07-30;-5.530025961481924;1.0;0.18181818181818182;-10.152931560437063;527.21;7;2021-07-30;527.87;0.12510901279281228;2021.0;9.8;0.32
66;2021-09-17;-5.912915441521451;0.25;0.038461538461538464;-10.814859030199948;529.72;7;2021-09-17;529.43;-0.054760894537508875;2021.0;9.8;0.32
67;2021-10-29;-5.860373883757891;0.75;0.1111111111111111;-11.27328322686144;525.8;7;2021-10-29;520.75;-0.9650832154699529;2021.0;9.8;0.32
68;2021-12-24;-6.725061219611952;1.0;0.13333333333333333;-10.478622411220416;523.73;7;2021-12-24;527.88;0.7892700798908692;2021.0;9.8;0.32
0;2013-10-22;-3.9663142380360257;0.0;0.0;;313.37;8;2013-10-22;314.41;0.3313265638928087;2013.0;3.5;
4;2014-03-11;-3.6033172251667085;0.0;0.0;;316.26;8;2014-03-11;311.64;-1.4715984632513113;2014.0;6.2;0.36
7;2014-06-24;-6.204978674133912;0.0;0.0;-8.390548496021786;319.16;8;2014-06-24;319.99;0.2597200865400495;2014.0;6.2;0.36
11;2014-12-19;-6.766651719138959;1.0;0.10526315789473684;-9.310849410836532;311.11;8;2014-12-19;303.09;-2.6116756284376486;2014.0;6.2;0.36
12;2014-12-24;-2.1958892020342677;0.0;0.0;;289.99;8;2014-12-24;310.31;6.772535818492109;2014.0;6.2;0.36
15;2015-05-08;-6.357559135066115;-1.5;-0.10714285714285714;;336.36;8;2015-05-08;339.24;0.8525806528802526;2015.0;7.2;0.46
16;2015-06-23;-6.702271100625785;-1.0;-0.08;-9.070159373225193;350.17;8;2015-06-23;349.53;-0.1829355948212985;2015.0;7.2;0.46
61;2021-02-20;-5.820539028880427;0.0;0.0;-9.06933487555284;541.46;8;2021-02-20;540.91;-0.10162884177109532;2021.0;9.8;0.32
0;2013-10-23;-3.9663142380360257;0.0;0.0;;313.37;9;2013-10-23;314.36;0.315422497189477;2013.0;3.5;
4;2014-03-12;-3.6033172251667085;0.0;0.0;;316.26;9;2014-03-12;310.8;-1.7415041601678283;2014.0;6.2;0.36
7;2014-06-25;-6.204978674133912;0.0;0.0;-8.390548496021786;319.16;9;2014-06-25;320.45;0.4033713510155579;2014.0;6.2;0.36
12;2014-12-25;-2.1958892020342677;0.0;0.0;;289.99;9;2014-12-25;308.06;6.044812956895651;2014.0;6.2;0.36
16;2015-06-24;-6.702271100625785;-1.0;-0.08;-9.070159373225193;350.17;9;2015-06-24;349.42;-0.21441138018740702;2015.0;7.2;0.46
0;2013-10-24;-3.9663142380360257;0.0;0.0;;313.37;10;2013-10-24;314.4;0.3281459528971631;2013.0;3.5;
1;2013-11-18;-4.879730164752349;0.0;0.0;;314.99;10;2013-11-18;315.28;0.09202405967769778;2013.0;3.5;
2;2013-12-23;-4.583010579059484;0.0;0.0;;315.84;10;2013-12-23;316.46;0.19610950457202847;2013.0;3.5;
3;2014-02-24;-7.115753204379045;0.0;0.0;-8.935623510196278;317.9;10;2014-02-24;318.11;0.06603669993596739;2014.0;6.2;0.36
4;2014-03-13;-3.6033172251667085;0.0;0.0;;316.26;10;2014-03-13;309.65;-2.112203271110058;2014.0;6.2;0.36
5;2014-03-24;-8.123946743760223;0.0;0.0;;309.65;10;2014-03-24;312.59;0.9449800328346747;2014.0;6.2;0.36
6;2014-05-05;-6.852045907510162;0.5;0.07142857142857142;;314.23;10;2014-05-05;314.86;0.20028937373286482;2014.0;6.2;0.36
7;2014-06-26;-6.204978674133912;0.0;0.0;-8.390548496021786;319.16;10;2014-06-26;320.55;0.4345725993186278;2014.0;6.2;0.36
8;2014-08-04;-5.930010197789854;0.5;0.06666666666666667;;318.58;10;2014-08-04;317.15;-0.4498772786585725;2014.0;6.2;0.36
9;2014-09-22;-5.80073801013683;0.0;0.0;-7.212114985002717;320.44;10;2014-09-22;322.52;0.6470098469905317;2014.0;6.2;0.36
10;2014-11-10;-7.8620151245781535;1.5;0.1875;;321.68;10;2014-11-10;322.71;0.3196824523005404;2014.0;6.2;0.36
12;2014-12-26;-2.1958892020342677;0.0;0.0;;289.99;10;2014-12-26;303.05;4.405136876993954;2014.0;6.2;0.36
13;2015-02-09;-6.722367496937038;-2.0;-0.11764705882352941;;304.27;10;2015-02-09;312.81;2.768051234749791;2015.0;7.2;0.46
14;2015-03-23;-5.121355845086528;-1.0;-0.06666666666666667;-8.869886752654205;318.9;10;2015-03-23;323.78;1.5186698797347908;2015.0;7.2;0.46
16;2015-06-25;-6.702271100625785;-1.0;-0.08;-9.070159373225193;350.17;10;2015-06-25;349.34;-0.23730908479260293;2015.0;7.2;0.46
17;2015-08-10;-4.965063311513991;-0.5;-0.043478260869565216;;354.6;10;2015-08-10;350.99;-1.0232660608580524;2015.0;7.2;0.46
18;2015-09-21;-5.917393391912702;0.0;0.0;-7.572947587883636;348.19;10;2015-09-21;347.87;-0.09194610307847739;2015.0;7.2;0.46
19;2015-11-09;-5.713729522307707;0.0;0.0;;355.76;10;2015-11-09;356.65;0.24985625216062957;2015.0;7.2;0.46
20;2015-12-21;-6.165860047144953;0.0;0.0;-9.343946130718301;358.9;10;2015-12-21;356.5;-0.670955829921116;2015.0;7.2;0.46
21;2016-02-08;-6.873474388452071;0.0;0.0;;362.15;10;2016-02-08;360.42;-0.47884725512101767;2016.0;7.3;0.42
22;2016-03-28;-5.701132764428126;0.0;0.0;-8.11760735565921;366.35;10;2016-03-28;366.12;-0.06280120893942254;2016.0;7.3;0.42
24;2016-06-20;-5.141967837852538;-0.5;-0.045454545454545456;-9.193270211467983;368.72;10;2016-06-20;370.19;0.39788389365869037;2016.0;7.3;0.42
25;2016-08-08;-5.153685756911098;0.0;0.0;;374.31;10;2016-08-08;373.93;-0.1015716969608782;2016.0;7.3;0.42
26;2016-09-26;-5.3945856676447;-0.5;-0.047619047619047616;-10.85829096445404;376.71;10;2016-09-26;376.82;0.029195918087232542;2016.0;7.3;0.42
27;2016-11-07;-4.247185051924369;0.0;0.0;;379.14;10;2016-11-07;379.47;0.08700123141416327;2016.0;7.3;0.42
28;2016-12-26;-5.224522362458918;0.0;0.0;-10.216359289229997;384.8;10;2016-12-26;385.85;0.2724974112060963;2016.0;7.3;0.42
29;2017-02-13;-5.972102867541159;0.0;0.0;;389.88;10;2017-02-13;390.14;0.06666495977771802;2017.0;7.3;0.42
30;2017-04-03;-5.976451086367311;-0.25;-0.025;-10.138329717317747;393.03;10;2017-04-03;393.58;0.13984060452552072;2017.0;7.3;0.42
32;2017-06-26;-7.684616045968009;-0.25;-0.02702702702702703;-10.174987300916673;403.01;10;2017-06-26;404.17;0.2874205997594359;2017.0;7.3;0.42
33;2017-08-07;-6.918267496173505;0.0;0.0;;406.04;10;2017-08-07;407.34;0.31965406253808837;2017.0;7.3;0.42
34;2017-09-25;-6.07203453661727;-0.5;-0.05555555555555555;-9.913927689711194;413.11;10;2017-09-25;414.58;0.35520582478865137;2017.0;7.3;0.42
36;2017-12-25;-5.998248009886984;-0.5;-0.06060606060606061;-11.196960498692736;424.56;10;2017-12-25;427.08;0.5918010790462169;2017.0;7.3;0.42
37;2018-02-19;-6.401688974617332;-0.25;-0.03225806451612903;;431.74;10;2018-02-19;434.19;0.5658671110891689;2018.0;8.3;0.37
38;2018-04-02;-5.552171264241022;-0.25;-0.03333333333333333;-9.722331379666498;438.1;10;2018-04-02;438.44;0.07757775276697743;2018.0;8.3;0.37
39;2018-05-07;-8.344887492231212;0.0;0.0;;438.26;10;2018-05-07;439.67;0.32121039543451246;2018.0;8.3;0.37
40;2018-06-25;-6.937044868810566;0.0;0.0;-10.920530030516979;439.58;10;2018-06-25;438.75;-0.18899508090521877;2018.0;8.3;0.37
41;2018-08-06;-6.639924651131026;0.0;0.0;;440.77;10;2018-08-06;440.78;0.002268731212140551;2018.0;8.3;0.37
42;2018-09-24;-5.499105185917299;0.25;0.034482758620689655;-9.19299204523229;438.65;10;2018-09-24;440.94;0.5206983194442572;2018.0;8.3;0.37
44;2018-12-24;-5.679919386241788;0.25;0.03333333333333333;-7.63212588713131;446.41;10;2018-12-24;448.3;0.42248389115089324;2018.0;8.3;0.37
45;2019-02-18;-5.475785033299257;0.0;0.0;;455.03;10;2019-02-18;455.81;0.1712705174713669;2019.0;8.3;0.31
46;2019-04-01;-5.734642773662598;0.0;0.0;-10.016770691126691;460.31;10;2019-04-01;460.59;0.06081007897238422;2019.0;8.3;0.31
47;2019-05-06;-6.678236802449576;0.0;0.0;;463.25;10;2019-05-06;465.29;0.43940019433348354;2019.0;8.3;0.31
48;2019-06-24;-6.502453963007933;-0.25;-0.03225806451612903;-9.733010654624437;472.32;10;2019-06-24;474.9;0.5447533583023301;2019.0;8.3;0.31
49;2019-08-05;-5.605500660743729;-0.25;-0.03333333333333333;;480.17;10;2019-08-05;480.72;0.1144772159278773;2019.0;8.3;0.31
50;2019-09-16;-6.138628403532102;-0.25;-0.034482758620689655;-10.698152053449348;486.46;10;2019-09-16;487.3;0.17252715419804332;2019.0;8.3;0.31
52;2019-12-23;-5.856208063622337;-0.25;-0.038461538461538464;-9.722331379666498;503.34;10;2019-12-23;504.23;0.17666270958285324;2019.0;8.3;0.31
53;2020-02-17;-5.802286649755645;-0.25;-0.04;-9.91532356906116;510.05;10;2020-02-17;511.42;0.26824102939215777;2020.0;9.3;0.33
54;2020-03-30;-7.266085381653719;0.0;0.0;-10.205676920261253;499.88;10;2020-03-30;507.23;1.4596480021227265;2020.0;9.3;0.33
55;2020-05-04;-5.7826801597065;-0.5;-0.08333333333333333;-9.803209180032233;517.34;10;2020-05-04;519.46;0.40895118722827917;2020.0;9.3;0.33
56;2020-06-29;-6.434003367385449;-1.0;-0.18181818181818182;-9.963173466248818;530.09;10;2020-06-29;529.84;-0.04717292738876111;2020.0;9.3;0.33
57;2020-08-03;-5.680871983653696;-0.25;-0.05555555555555555;-9.705252163864229;532.4;10;2020-08-03;532.85;0.08448721460085906;2020.0;9.3;0.33
58;2020-09-28;-5.744939403606889;0.0;0.0;-10.96777100241738;534.85;10;2020-09-28;534.11;-0.13845234961253894;2020.0;9.3;0.33
59;2020-11-02;-5.745142552313903;0.0;0.0;-9.921480153055436;536.83;10;2020-11-02;536.34;-0.09131825042647534;2020.0;9.3;0.33
60;2020-12-28;-5.594341555113338;0.0;0.0;-11.264777825907201;540.18;10;2020-12-28;541.55;0.2532980933305673;2020.0;9.3;0.33
61;2021-02-22;-5.820539028880427;0.0;0.0;-9.06933487555284;541.46;10;2021-02-22;541.11;-0.06466094796548916;2021.0;9.8;0.32
62;2021-03-29;-5.3567417055260815;0.25;0.058823529411764705;-10.47012459059856;538.87;10;2021-03-29;538.14;-0.1355605076631683;2021.0;9.8;0.32
64;2021-06-21;-4.9225962021980605;0.5;0.1;-9.196092175684617;526.17;10;2021-06-21;524.94;-0.23403840919273833;2021.0;9.8;0.32
65;2021-08-02;-5.530025961481924;1.0;0.18181818181818182;-10.152931560437063;527.21;10;2021-08-02;527.62;0.07773764884335677;2021.0;9.8;0.32
66;2021-09-20;-5.912915441521451;0.25;0.038461538461538464;-10.814859030199948;529.72;10;2021-09-20;529.66;-0.011327380177839075;2021.0;9.8;0.32
67;2021-11-01;-5.860373883757891;0.75;0.1111111111111111;-11.27328322686144;525.8;10;2021-11-01;520.34;-1.0438468230727693;2021.0;9.8;0.32
68;2021-12-27;-6.725061219611952;1.0;0.13333333333333333;-10.478622411220416;523.73;10;2021-12-27;528.14;0.8385115725242365;2021.0;9.8;0.32
0;2013-10-25;-3.9663142380360257;0.0;0.0;;313.37;11;2013-10-25;314.52;0.36630660972356566;2013.0;3.5;
1;2013-11-19;-4.879730164752349;0.0;0.0;;314.99;11;2013-11-19;315.25;0.08250825550577545;2013.0;3.5;
2;2013-12-24;-4.583010579059484;0.0;0.0;;315.84;11;2013-12-24;316.59;0.23718051059917755;2013.0;3.5;
3;2014-02-25;-7.115753204379045;0.0;0.0;-8.935623510196278;317.9;11;2014-02-25;317.59;-0.09756251855712605;2014.0;6.2;0.36
4;2014-03-14;-3.6033172251667085;0.0;0.0;;316.26;11;2014-03-14;311.65;-1.4683896840311128;2014.0;6.2;0.36
5;2014-03-25;-8.123946743760223;0.0;0.0;;309.65;11;2014-03-25;313.92;1.3695548992928686;2014.0;6.2;0.36
6;2014-05-06;-6.852045907510162;0.5;0.07142857142857142;;314.23;11;2014-05-06;314.67;0.13992687924684333;2014.0;6.2;0.36
7;2014-06-27;-6.204978674133912;0.0;0.0;-8.390548496021786;319.16;11;2014-06-27;320.64;0.4626454016364967;2014.0;6.2;0.36
8;2014-08-05;-5.930010197789854;0.5;0.06666666666666667;;318.58;11;2014-08-05;316.64;-0.6108139012236613;2014.0;6.2;0.36
9;2014-09-23;-5.80073801013683;0.0;0.0;-7.212114985002717;320.44;11;2014-09-23;322.71;0.7059035765108135;2014.0;6.2;0.36
10;2014-11-11;-7.8620151245781535;1.5;0.1875;;321.68;11;2014-11-11;322.7;0.3165836468897787;2014.0;6.2;0.36
11;2014-12-22;-6.766651719138959;1.0;0.10526315789473684;-9.310849410836532;311.11;11;2014-12-22;302.5;-2.806526992123093;2014.0;6.2;0.36
13;2015-02-10;-6.722367496937038;-2.0;-0.11764705882352941;;304.27;11;2015-02-10;312.78;2.7584602885955434;2015.0;7.2;0.46
14;2015-03-24;-5.121355845086528;-1.0;-0.06666666666666667;-8.869886752654205;318.9;11;2015-03-24;325.27;1.9778032646744492;2015.0;7.2;0.46
16;2015-06-26;-6.702271100625785;-1.0;-0.08;-9.070159373225193;350.17;11;2015-06-26;348.95;-0.34901053850120434;2015.0;7.2;0.46
17;2015-08-11;-4.965063311513991;-0.5;-0.043478260869565216;;354.6;11;2015-08-11;349.58;-1.4257959733167347;2015.0;7.2;0.46
18;2015-09-22;-5.917393391912702;0.0;0.0;-7.572947587883636;348.19;11;2015-09-22;348.34;0.043070650889109885;2015.0;7.2;0.46
19;2015-11-10;-5.713729522307707;0.0;0.0;;355.76;11;2015-11-10;358.0;0.6276640198259464;2015.0;7.2;0.46
20;2015-12-22;-6.165860047144953;0.0;0.0;-9.343946130718301;358.9;11;2015-12-22;356.49;-0.6737609183517179;2015.0;7.2;0.46
21;2016-02-09;-6.873474388452071;0.0;0.0;;362.15;11;2016-02-09;360.67;-0.4095077801548719;2016.0;7.3;0.42
22;2016-03-29;-5.701132764428126;0.0;0.0;-8.11760735565921;366.35;11;2016-03-29;366.44;0.024563654103459953;2016.0;7.3;0.42
23;2016-05-10;-4.285522624905351;0.0;0.0;;367.37;11;2016-05-10;368.74;0.37222740672335775;2016.0;7.3;0.42
24;2016-06-21;-5.141967837852538;-0.5;-0.045454545454545456;-9.193270211467983;368.72;11;2016-06-21;369.92;0.3249217631705825;2016.0;7.3;0.42
25;2016-08-09;-5.153685756911098;0.0;0.0;;374.31;11;2016-08-09;373.09;-0.3264653688947128;2016.0;7.3;0.42
26;2016-09-27;-5.3945856676447;-0.5;-0.047619047619047616;-10.85829096445404;376.71;11;2016-09-27;377.01;0.07960516261800166;2016.0;7.3;0.42
27;2016-11-08;-4.247185051924369;0.0;0.0;;379.14;11;2016-11-08;379.62;0.12652223734290757;2016.0;7.3;0.42
28;2016-12-27;-5.224522362458918;0.0;0.0;-10.216359289229997;384.8;11;2016-12-27;385.92;0.2906375307214937;2016.0;7.3;0.42
29;2017-02-14;-5.972102867541159;0.0;0.0;;389.88;11;2017-02-14;389.87;-0.0025649246555126126;2017.0;7.3;0.42
30;2017-04-04;-5.976451086367311;-0.25;-0.025;-10.138329717317747;393.03;11;2017-04-04;394.14;0.2820231298747977;2017.0;7.3;0.42
32;2017-06-27;-7.684616045968009;-0.25;-0.02702702702702703;-10.174987300916673;403.01;11;2017-06-27;403.79;0.19335653024636912;2017.0;7.3;0.42
33;2017-08-08;-6.918267496173505;0.0;0.0;;406.04;11;2017-08-08;407.64;0.39327550442624926;2017.0;7.3;0.42
34;2017-09-26;-6.07203453661727;-0.5;-0.05555555555555555;-9.913927689711194;413.11;11;2017-09-26;413.88;0.1862175413270606;2017.0;7.3;0.42
35;2017-11-07;-6.287036696946751;-0.25;-0.029411764705882353;;418.0;11;2017-11-07;419.17;0.2795133035691677;2017.0;7.3;0.42
36;2017-12-26;-5.998248009886984;-0.5;-0.06060606060606061;-11.196960498692736;424.56;11;2017-12-26;426.86;0.5402752095782226;2017.0;7.3;0.42
37;2018-02-20;-6.401688974617332;-0.25;-0.03225806451612903;;431.74;11;2018-02-20;434.4;0.6142213412994479;2018.0;8.3;0.37
38;2018-04-03;-5.552171264241022;-0.25;-0.03333333333333333;-9.722331379666498;438.1;11;2018-04-03;438.53;0.09810297034933413;2018.0;8.3;0.37
39;2018-05-08;-8.344887492231212;0.0;0.0;;438.26;11;2018-05-08;439.64;0.31438686334421817;2018.0;8.3;0.37
40;2018-06-26;-6.937044868810566;0.0;0.0;-10.920530030516979;439.58;11;2018-06-26;438.79;-0.17987868734410384;2018.0;8.3;0.37
41;2018-08-07;-6.639924651131026;0.0;0.0;;440.77;11;2018-08-07;439.61;-0.2635227223004577;2018.0;8.3;0.37
42;2018-09-25;-5.499105185917299;0.25;0.034482758620689655;-9.19299204523229;438.65;11;2018-09-25;441.34;0.6113724880541405;2018.0;8.3;0.37
43;2018-11-06;-6.27864300831847;0.0;0.0;;442.57;11;2018-11-06;443.57;0.2256980667832309;2018.0;8.3;0.37
44;2018-12-25;-5.679919386241788;0.25;0.03333333333333333;-7.63212588713131;446.41;11;2018-12-25;448.71;0.5138987089460478;2018.0;8.3;0.37
45;2019-02-19;-5.475785033299257;0.0;0.0;;455.03;11;2019-02-19;455.99;0.21075286060332488;2019.0;8.3;0.31
46;2019-04-02;-5.734642773662598;0.0;0.0;-10.016770691126691;460.31;11;2019-04-02;460.56;0.054296481836058064;2019.0;8.3;0.31
47;2019-05-07;-6.678236802449576;0.0;0.0;;463.25;11;2019-05-07;465.41;0.46518723648780735;2019.0;8.3;0.31
48;2019-06-25;-6.502453963007933;-0.25;-0.03225806451612903;-9.733010654624437;472.32;11;2019-06-25;474.56;0.47313369775139336;2019.0;8.3;0.31
49;2019-08-06;-5.605500660743729;-0.25;-0.03333333333333333;;480.17;11;2019-08-06;480.74;0.11863755541217103;2019.0;8.3;0.31
50;2019-09-17;-6.138628403532102;-0.25;-0.034482758620689655;-10.698152053449348;486.46;11;2019-09-17;487.35;0.1827872475739234;2019.0;8.3;0.31
51;2019-11-05;-5.6597367935254175;-0.5;-0.07142857142857142;;496.28;11;2019-11-05;498.71;0.48844809119179544;2019.0;8.3;0.31
52;2019-12-24;-5.856208063622337;-0.25;-0.038461538461538464;-9.722331379666498;503.34;11;2019-12-24;504.67;0.2638864241028216;2019.0;8.3;0.31
53;2020-02-18;-5.802286649755645;-0.25;-0.04;-9.91532356906116;510.05;11;2020-02-18;511.62;0.3073401853485258;2020.0;9.3;0.33
54;2020-03-31;-7.266085381653719;0.0;0.0;-10.205676920261253;499.88;11;2020-03-31;506.78;1.3708914751572543;2020.0;9.3;0.33
55;2020-05-05;-5.7826801597065;-0.5;-0.08333333333333333;-9.803209180032233;517.34;11;2020-05-05;519.55;0.42627537086943335;2020.0;9.3;0.33
56;2020-06-30;-6.434003367385449;-1.0;-0.18181818181818182;-9.963173466248818;530.09;11;2020-06-30;529.86;-0.04339827418462505;2020.0;9.3;0.33
57;2020-08-04;-5.680871983653696;-0.25;-0.05555555555555555;-9.705252163864229;532.4;11;2020-08-04;532.88;0.09011715839672974;2020.0;9.3;0.33
58;2020-09-29;-5.744939403606889;0.0;0.0;-10.96777100241738;534.85;11;2020-09-29;534.58;-0.050494189565775116;2020.0;9.3;0.33
59;2020-11-03;-5.745142552313903;0.0;0.0;-9.921480153055436;536.83;11;2020-11-03;537.34;0.09495704373083669;2020.0;9.3;0.33
60;2020-12-29;-5.594341555113338;0.0;0.0;-11.264777825907201;540.18;11;2020-12-29;542.05;0.34558307588596904;2020.0;9.3;0.33
62;2021-03-30;-5.3567417055260815;0.25;0.058823529411764705;-10.47012459059856;538.87;11;2021-03-30;538.37;-0.0928298310322262;2021.0;9.8;0.32
63;2021-05-04;-5.530048451384545;0.5;0.1111111111111111;-10.174987300916673;537.26;11;2021-05-04;533.66;-0.6723216599713311;2021.0;9.8;0.32
64;2021-06-22;-4.9225962021980605;0.5;0.1;-9.196092175684617;526.17;11;2021-06-22;525.12;-0.19975465364296952;2021.0;9.8;0.32
65;2021-08-03;-5.530025961481924;1.0;0.18181818181818182;-10.152931560437063;527.21;11;2021-08-03;527.62;0.07773764884335677;2021.0;9.8;0.32
66;2021-09-21;-5.912915441521451;0.25;0.038461538461538464;-10.814859030199948;529.72;11;2021-09-21;529.72;0.0;2021.0;9.8;0.32
67;2021-11-02;-5.860373883757891;0.75;0.1111111111111111;-11.27328322686144;525.8;11;2021-11-02;520.49;-1.0150236721185202;2021.0;9.8;0.32
68;2021-12-28;-6.725061219611952;1.0;0.13333333333333333;-10.478622411220416;523.73;11;2021-12-28;527.77;0.7684298392053535;2021.0;9.8;0.32
1;2013-11-20;-4.879730164752349;0.0;0.0;;314.99;12;2013-11-20;314.42;-0.18112205266032078;2013.0;3.5;
2;2013-12-25;-4.583010579059484;0.0;0.0;;315.84;12;2013-12-25;316.74;0.2845491818463053;2013.0;3.5;
3;2014-02-26;-7.115753204379045;0.0;0.0;-8.935623510196278;317.9;12;2014-02-26;317.79;-0.0346080640242441;2014.0;6.2;0.36
5;2014-03-26;-8.123946743760223;0.0;0.0;;309.65;12;2014-03-26;313.54;1.2484316256315076;2014.0;6.2;0.36
6;2014-05-07;-6.852045907510162;0.5;0.07142857142857142;;314.23;12;2014-05-07;315.72;0.47305429910480257;2014.0;6.2;0.36
8;2014-08-06;-5.930010197789854;0.5;0.06666666666666667;;318.58;12;2014-08-06;316.46;-0.667676957565444;2014.0;6.2;0.36
9;2014-09-24;-5.80073801013683;0.0;0.0;-7.212114985002717;320.44;12;2014-09-24;325.45;1.5513788671480455;2014.0;6.2;0.36
10;2014-11-12;-7.8620151245781535;1.5;0.1875;;321.68;12;2014-11-12;322.74;0.3289782924188245;2014.0;6.2;0.36
11;2014-12-23;-6.766651719138959;1.0;0.10526315789473684;-9.310849410836532;311.11;12;2014-12-23;304.82;-2.042510893442362;2014.0;6.2;0.36
13;2015-02-11;-6.722367496937038;-2.0;-0.11764705882352941;;304.27;12;2015-02-11;313.29;2.9213814037452934;2015.0;7.2;0.46
14;2015-03-25;-5.121355845086528;-1.0;-0.06666666666666667;-8.869886752654205;318.9;12;2015-03-25;326.68;2.41035244740635;2015.0;7.2;0.46
15;2015-05-12;-6.357559135066115;-1.5;-0.10714285714285714;;336.36;12;2015-05-12;339.5;0.9291932034053652;2015.0;7.2;0.46
17;2015-08-12;-4.965063311513991;-0.5;-0.043478260869565216;;354.6;12;2015-08-12;349.83;-1.3543071439756638;2015.0;7.2;0.46
18;2015-09-23;-5.917393391912702;0.0;0.0;-7.572947587883636;348.19;12;2015-09-23;348.48;0.08325319498476702;2015.0;7.2;0.46
19;2015-11-11;-5.713729522307707;0.0;0.0;;355.76;12;2015-11-11;357.6;0.515869709691863;2015.0;7.2;0.46
20;2015-12-23;-6.165860047144953;0.0;0.0;-9.343946130718301;358.9;12;2015-12-23;357.34;-0.4356088648540535;2015.0;7.2;0.46
21;2016-02-10;-6.873474388452071;0.0;0.0;;362.15;12;2016-02-10;360.67;-0.4095077801548719;2016.0;7.3;0.42
22;2016-03-30;-5.701132764428126;0.0;0.0;-8.11760735565921;366.35;12;2016-03-30;366.42;0.019105585712519968;2016.0;7.3;0.42
23;2016-05-11;-4.285522624905351;0.0;0.0;;367.37;12;2016-05-11;368.84;0.3993431095929978;2016.0;7.3;0.42
24;2016-06-22;-5.141967837852538;-0.5;-0.045454545454545456;-9.193270211467983;368.72;12;2016-06-22;370.26;0.41679131487777354;2016.0;7.3;0.42
25;2016-08-10;-5.153685756911098;0.0;0.0;;374.31;12;2016-08-10;373.21;-0.29430671928087904;2016.0;7.3;0.42
26;2016-09-28;-5.3945856676447;-0.5;-0.047619047619047616;-10.85829096445404;376.71;12;2016-09-28;377.56;0.22538357877612825;2016.0;7.3;0.42
27;2016-11-09;-4.247185051924369;0.0;0.0;;379.14;12;2016-11-09;379.51;0.097541693623171;2016.0;7.3;0.42
28;2016-12-28;-5.224522362458918;0.0;0.0;-10.216359289229997;384.8;12;2016-12-28;386.29;0.38646639290007556;2016.0;7.3;0.42
29;2017-02-15;-5.972102867541159;0.0;0.0;;389.88;12;2017-02-15;389.56;-0.08211023760109626;2017.0;7.3;0.42
30;2017-04-05;-5.976451086367311;-0.25;-0.025;-10.138329717317747;393.03;12;2017-04-05;394.18;0.2921712930660014;2017.0;7.3;0.42
31;2017-05-10;-5.21082435941742;-0.5;-0.05128205128205128;;397.75;12;2017-05-10;398.61;0.21598280534300685;2017.0;7.3;0.42
32;2017-06-28;-7.684616045968009;-0.25;-0.02702702702702703;-10.174987300916673;403.01;12;2017-06-28;403.98;0.2403996250639473;2017.0;7.3;0.42
33;2017-08-09;-6.918267496173505;0.0;0.0;;406.04;12;2017-08-09;407.96;0.4717453466087207;2017.0;7.3;0.42
34;2017-09-27;-6.07203453661727;-0.5;-0.05555555555555555;-9.913927689711194;413.11;12;2017-09-27;414.41;0.31419206047713644;2017.0;7.3;0.42
35;2017-11-08;-6.287036696946751;-0.25;-0.029411764705882353;;418.0;12;2017-11-08;419.42;0.3391371978216817;2017.0;7.3;0.42
36;2017-12-27;-5.998248009886984;-0.5;-0.06060606060606061;-11.196960498692736;424.56;12;2017-12-27;427.41;0.6690401377610122;2017.0;7.3;0.42
37;2018-02-21;-6.401688974617332;-0.25;-0.03225806451612903;;431.74;12;2018-02-21;434.51;0.6395404193598964;2018.0;8.3;0.37
38;2018-04-04;-5.552171264241022;-0.25;-0.03333333333333333;-9.722331379666498;438.1;12;2018-04-04;438.49;0.08898117152424945;2018.0;8.3;0.37
40;2018-06-27;-6.937044868810566;0.0;0.0;-10.920530030516979;439.58;12;2018-06-27;438.69;-0.2026712297229949;2018.0;8.3;0.37
41;2018-08-08;-6.639924651131026;0.0;0.0;;440.77;12;2018-08-08;438.68;-0.47529795544161146;2018.0;8.3;0.37
42;2018-09-26;-5.499105185917299;0.25;0.034482758620689655;-9.19299204523229;438.65;12;2018-09-26;441.22;0.5841788693224714;2018.0;8.3;0.37
43;2018-11-07;-6.27864300831847;0.0;0.0;;442.57;12;2018-11-07;443.15;0.13096691570764207;2018.0;8.3;0.37
44;2018-12-26;-5.679919386241788;0.25;0.03333333333333333;-7.63212588713131;446.41;12;2018-12-26;449.17;0.6163622987899409;2018.0;8.3;0.37
45;2019-02-20;-5.475785033299257;0.0;0.0;;455.03;12;2019-02-20;456.2;0.2567959006958276;2019.0;8.3;0.31
46;2019-04-03;-5.734642773662598;0.0;0.0;-10.016770691126691;460.31;12;2019-04-03;460.56;0.054296481836058064;2019.0;8.3;0.31
47;2019-05-08;-6.678236802449576;0.0;0.0;;463.25;12;2019-05-08;465.46;0.47592987510496343;2019.0;8.3;0.31
48;2019-06-26;-6.502453963007933;-0.25;-0.03225806451612903;-9.733010654624437;472.32;12;2019-06-26;474.6;0.4815622029609834;2019.0;8.3;0.31
49;2019-08-07;-5.605500660743729;-0.25;-0.03333333333333333;;480.17;12;2019-08-07;481.03;0.1789430356805788;2019.0;8.3;0.31
50;2019-09-18;-6.138628403532102;-0.25;-0.034482758620689655;-10.698152053449348;486.46;12;2019-09-18;487.82;0.27918070438497367;2019.0;8.3;0.31
51;2019-11-06;-5.6597367935254175;-0.5;-0.07142857142857142;;496.28;12;2019-11-06;499.45;0.6367209403488339;2019.0;8.3;0.31
52;2019-12-25;-5.856208063622337;-0.25;-0.038461538461538464;-9.722331379666498;503.34;12;2019-12-25;505.06;0.34113480127171414;2019.0;8.3;0.31
53;2020-02-19;-5.802286649755645;-0.25;-0.04;-9.91532356906116;510.05;12;2020-02-19;511.83;0.34837785263999166;2020.0;9.3;0.33
54;2020-04-01;-7.266085381653719;0.0;0.0;-10.205676920261253;499.88;12;2020-04-01;506.83;1.3807572026146353;2020.0;9.3;0.33
55;2020-05-06;-5.7826801597065;-0.5;-0.08333333333333333;-9.803209180032233;517.34;12;2020-05-06;519.59;0.4339740447766971;2020.0;9.3;0.33
57;2020-08-05;-5.680871983653696;-0.25;-0.05555555555555555;-9.705252163864229;532.4;12;2020-08-05;533.0;0.1126337644887343;2020.0;9.3;0.33
58;2020-09-30;-5.744939403606889;0.0;0.0;-10.96777100241738;534.85;12;2020-09-30;535.08;0.042993467524610196;2020.0;9.3;0.33
60;2020-12-30;-5.594341555113338;0.0;0.0;-11.264777825907201;540.18;12;2020-12-30;542.92;0.5059562081323854;2020.0;9.3;0.33
61;2021-02-24;-5.820539028880427;0.0;0.0;-9.06933487555284;541.46;12;2021-02-24;540.6;-0.15895609875249406;2021.0;9.8;0.32
62;2021-03-31;-5.3567417055260815;0.25;0.058823529411764705;-10.47012459059856;538.87;12;2021-03-31;538.47;-0.07425696964382666;2021.0;9.8;0.32
63;2021-05-05;-5.530048451384545;0.5;0.1111111111111111;-10.174987300916673;537.26;12;2021-05-05;533.6;-0.6835654056496665;2021.0;9.8;0.32
64;2021-06-23;-4.9225962021980605;0.5;0.1;-9.196092175684617;526.17;12;2021-06-23;525.56;-0.11599936645350084;2021.0;9.8;0.32
65;2021-08-04;-5.530025961481924;1.0;0.18181818181818182;-10.152931560437063;527.21;12;2021-08-04;527.81;0.11374193184696679;2021.0;9.8;0.32
66;2021-09-22;-5.912915441521451;0.25;0.038461538461538464;-10.814859030199948;529.72;12;2021-09-22;529.05;-0.12656197085929577;2021.0;9.8;0.32
67;2021-11-03;-5.860373883757891;0.75;0.1111111111111111;-11.27328322686144;525.8;12;2021-11-03;520.89;-0.9382025271625238;2021.0;9.8;0.32
68;2021-12-29;-6.725061219611952;1.0;0.13333333333333333;-10.478622411220416;523.73;12;2021-12-29;528.73;0.9501620236280317;2021.0;9.8;0.32
1;2013-11-21;-4.879730164752349;0.0;0.0;;314.99;13;2013-11-21;314.99;0.0;2013.0;3.5;
2;2013-12-26;-4.583010579059484;0.0;0.0;;315.84;13;2013-12-26;316.87;0.32558388831374074;2013.0;3.5;
3;2014-02-27;-7.115753204379045;0.0;0.0;-8.935623510196278;317.9;13;2014-02-27;317.7;-0.0629326641286454;2014.0;6.2;0.36
5;2014-03-27;-8.123946743760223;0.0;0.0;;309.65;13;2014-03-27;314.0;1.3950358524183137;2014.0;6.2;0.36
6;2014-05-08;-6.852045907510162;0.5;0.07142857142857142;;314.23;13;2014-05-08;315.99;0.5585365667406528;2014.0;6.2;0.36
8;2014-08-07;-5.930010197789854;0.5;0.06666666666666667;;318.58;13;2014-08-07;316.73;-0.582394493734828;2014.0;6.2;0.36
9;2014-09-25;-5.80073801013683;0.0;0.0;-7.212114985002717;320.44;13;2014-09-25;323.27;0.8792836007478044;2014.0;6.2;0.36
10;2014-11-13;-7.8620151245781535;1.5;0.1875;;321.68;13;2014-11-13;322.4;0.22357480434544996;2014.0;6.2;0.36
11;2014-12-24;-6.766651719138959;1.0;0.10526315789473684;-9.310849410836532;311.11;13;2014-12-24;310.31;-0.25747495798515985;2014.0;6.2;0.36
12;2014-12-29;-2.1958892020342677;0.0;0.0;;289.99;13;2014-12-29;303.66;4.606221482668715;2014.0;6.2;0.36
13;2015-02-12;-6.722367496937038;-2.0;-0.11764705882352941;;304.27;13;2015-02-12;315.53;3.6338299501888827;2015.0;7.2;0.46
14;2015-03-26;-5.121355845086528;-1.0;-0.06666666666666667;-8.869886752654205;318.9;13;2015-03-26;326.52;2.361362856714333;2015.0;7.2;0.46
15;2015-05-13;-6.357559135066115;-1.5;-0.10714285714285714;;336.36;13;2015-05-13;339.21;0.8437369650565962;2015.0;7.2;0.46
17;2015-08-13;-4.965063311513991;-0.5;-0.043478260869565216;;354.6;13;2015-08-13;349.68;-1.39719430850489;2015.0;7.2;0.46
18;2015-09-24;-5.917393391912702;0.0;0.0;-7.572947587883636;348.19;13;2015-09-24;348.83;0.18363897158115705;2015.0;7.2;0.46
19;2015-11-12;-5.713729522307707;0.0;0.0;;355.76;13;2015-11-12;357.28;0.42634418894067494;2015.0;7.2;0.46
20;2015-12-24;-6.165860047144953;0.0;0.0;-9.343946130718301;358.9;13;2015-12-24;358.0;-0.2510811752861386;2015.0;7.2;0.46
21;2016-02-11;-6.873474388452071;0.0;0.0;;362.15;13;2016-02-11;360.73;-0.3928734579651483;2016.0;7.3;0.42
22;2016-03-31;-5.701132764428126;0.0;0.0;-8.11760735565921;366.35;13;2016-03-31;366.26;-0.024569689317033294;2016.0;7.3;0.42
23;2016-05-12;-4.285522624905351;0.0;0.0;;367.37;13;2016-05-12;369.01;0.44542293693137225;2016.0;7.3;0.42
24;2016-06-23;-5.141967837852538;-0.5;-0.045454545454545456;-9.193270211467983;368.72;13;2016-06-23;369.71;0.26813661231326336;2016.0;7.3;0.42
25;2016-08-11;-5.153685756911098;0.0;0.0;;374.31;13;2016-08-11;373.33;-0.26215840812975344;2016.0;7.3;0.42
26;2016-09-29;-5.3945856676447;-0.5;-0.047619047619047616;-10.85829096445404;376.71;13;2016-09-29;377.55;0.22273495804521204;2016.0;7.3;0.42
27;2016-11-10;-4.247185051924369;0.0;0.0;;379.14;13;2016-11-10;379.0;-0.03693249309923985;2016.0;7.3;0.42
28;2016-12-29;-5.224522362458918;0.0;0.0;-10.216359289229997;384.8;13;2016-12-29;386.7;0.4925479821699774;2016.0;7.3;0.42
29;2017-02-16;-5.972102867541159;0.0;0.0;;389.88;13;2017-02-16;389.52;-0.09237875945640184;2017.0;7.3;0.42
30;2017-04-06;-5.976451086367311;-0.25;-0.025;-10.138329717317747;393.03;13;2017-04-06;393.79;0.19318274481010533;2017.0;7.3;0.42
31;2017-05-11;-5.21082435941742;-0.5;-0.05128205128205128;;397.75;13;2017-05-11;398.89;0.2862022439649614;2017.0;7.3;0.42
32;2017-06-29;-7.684616045968009;-0.25;-0.02702702702702703;-10.174987300916673;403.01;13;2017-06-29;404.08;0.26515026251923146;2017.0;7.3;0.42
33;2017-08-10;-6.918267496173505;0.0;0.0;;406.04;13;2017-08-10;408.13;0.5134074187965965;2017.0;7.3;0.42
34;2017-09-28;-6.07203453661727;-0.5;-0.05555555555555555;-9.913927689711194;413.11;13;2017-09-28;414.74;0.39379165462154475;2017.0;7.3;0.42
35;2017-11-09;-6.287036696946751;-0.25;-0.029411764705882353;;418.0;13;2017-11-09;419.4;0.3343685943063335;2017.0;7.3;0.42
36;2017-12-28;-5.998248009886984;-0.5;-0.06060606060606061;-11.196960498692736;424.56;13;2017-12-28;427.54;0.6994512731495206;2017.0;7.3;0.42
37;2018-02-22;-6.401688974617332;-0.25;-0.03225806451612903;;431.74;13;2018-02-22;435.51;0.8694202934715456;2018.0;8.3;0.37
38;2018-04-05;-5.552171264241022;-0.25;-0.03333333333333333;-9.722331379666498;438.1;13;2018-04-05;438.57;0.10722393717816914;2018.0;8.3;0.37
39;2018-05-10;-8.344887492231212;0.0;0.0;;438.26;13;2018-05-10;439.93;0.3803281779656942;2018.0;8.3;0.37
40;2018-06-28;-6.937044868810566;0.0;0.0;-10.920530030516979;439.58;13;2018-06-28;439.4;-0.04095656386171598;2018.0;8.3;0.37
41;2018-08-09;-6.639924651131026;0.0;0.0;;440.77;13;2018-08-09;438.0;-0.6304287069977654;2018.0;8.3;0.37
42;2018-09-27;-5.499105185917299;0.25;0.034482758620689655;-9.19299204523229;438.65;13;2018-09-27;442.15;0.7947362447350947;2018.0;8.3;0.37
43;2018-11-08;-6.27864300831847;0.0;0.0;;442.57;13;2018-11-08;442.87;0.06776292272299145;2018.0;8.3;0.37
44;2018-12-27;-5.679919386241788;0.25;0.03333333333333333;-7.63212588713131;446.41;13;2018-12-27;449.66;0.7253929382971869;2018.0;8.3;0.37
45;2019-02-21;-5.475785033299257;0.0;0.0;;455.03;13;2019-02-21;456.48;0.31815366218603813;2019.0;8.3;0.31
46;2019-04-04;-5.734642773662598;0.0;0.0;-10.016770691126691;460.31;13;2019-04-04;460.84;0.11507356206585939;2019.0;8.3;0.31
48;2019-06-27;-6.502453963007933;-0.25;-0.03225806451612903;-9.733010654624437;472.32;13;2019-06-27;474.91;0.5468590425971698;2019.0;8.3;0.31
49;2019-08-08;-5.605500660743729;-0.25;-0.03333333333333333;;480.17;13;2019-08-08;481.12;0.19765113738250406;2019.0;8.3;0.31
50;2019-09-19;-6.138628403532102;-0.25;-0.034482758620689655;-10.698152053449348;486.46;13;2019-09-19;487.75;0.26483011957409985;2019.0;8.3;0.31
51;2019-11-07;-5.6597367935254175;-0.5;-0.07142857142857142;;496.28;13;2019-11-07;499.47;0.640725265020059;2019.0;8.3;0.31
52;2019-12-26;-5.856208063622337;-0.25;-0.038461538461538464;-9.722331379666498;503.34;13;2019-12-26;504.92;0.3134114798402088;2019.0;8.3;0.31
53;2020-02-20;-5.802286649755645;-0.25;-0.04;-9.91532356906116;510.05;13;2020-02-20;511.95;0.3718203892297822;2020.0;9.3;0.33
54;2020-04-02;-7.266085381653719;0.0;0.0;-10.205676920261253;499.88;13;2020-04-02;507.31;1.4754186962631088;2020.0;9.3;0.33
55;2020-05-07;-5.7826801597065;-0.5;-0.08333333333333333;-9.803209180032233;517.34;13;2020-05-07;520.83;0.6723394332005306;2020.0;9.3;0.33
56;2020-07-02;-6.434003367385449;-1.0;-0.18181818181818182;-9.963173466248818;530.09;13;2020-07-02;529.71;-0.07171164677952646;2020.0;9.3;0.33
57;2020-08-06;-5.680871983653696;-0.25;-0.05555555555555555;-9.705252163864229;532.4;13;2020-08-06;533.03;0.11826212391730095;2020.0;9.3;0.33
58;2020-10-01;-5.744939403606889;0.0;0.0;-10.96777100241738;534.85;13;2020-10-01;534.81;-0.0074790120259571324;2020.0;9.3;0.33
59;2020-11-05;-5.745142552313903;0.0;0.0;-9.921480153055436;536.83;13;2020-11-05;537.55;0.13403080991558625;2020.0;9.3;0.33
61;2021-02-25;-5.820539028880427;0.0;0.0;-9.06933487555284;541.46;13;2021-02-25;540.26;-0.22186896650859822;2021.0;9.8;0.32
62;2021-04-01;-5.3567417055260815;0.25;0.058823529411764705;-10.47012459059856;538.87;13;2021-04-01;538.65;-0.04083450943968003;2021.0;9.8;0.32
63;2021-05-06;-5.530048451384545;0.5;0.1111111111111111;-10.174987300916673;537.26;13;2021-05-06;533.21;-0.756680584055136;2021.0;9.8;0.32
64;2021-06-24;-4.9225962021980605;0.5;0.1;-9.196092175684617;526.17;13;2021-06-24;525.54;-0.11980490351035655;2021.0;9.8;0.32
65;2021-08-05;-5.530025961481924;1.0;0.18181818181818182;-10.152931560437063;527.21;13;2021-08-05;527.58;0.07015614770251588;2021.0;9.8;0.32
66;2021-09-23;-5.912915441521451;0.25;0.038461538461538464;-10.814859030199948;529.72;13;2021-09-23;528.94;-0.1473561183268579;2021.0;9.8;0.32
68;2021-12-30;-6.725061219611952;1.0;0.13333333333333333;-10.478622411220416;523.73;13;2021-12-30;530.74;1.3295974793781973;2021.0;9.8;0.32
0;2013-10-28;-3.9663142380360257;0.0;0.0;;313.37;14;2013-10-28;314.62;0.3980960368278552;2013.0;3.5;
1;2013-11-22;-4.879730164752349;0.0;0.0;;314.99;14;2013-11-22;315.91;0.29164706042514865;2013.0;3.5;
2;2013-12-27;-4.583010579059484;0.0;0.0;;315.84;14;2013-12-27;317.37;0.48325294216757797;2013.0;3.5;
3;2014-02-28;-7.115753204379045;0.0;0.0;-8.935623510196278;317.9;14;2014-02-28;316.26;-0.5172207821586561;2014.0;6.2;0.36
4;2014-03-17;-3.6033172251667085;0.0;0.0;;316.26;14;2014-03-17;312.21;-1.2888621777292997;2014.0;6.2;0.36
5;2014-03-28;-8.123946743760223;0.0;0.0;;309.65;14;2014-03-28;315.3;1.808193916694556;2014.0;6.2;0.36
7;2014-06-30;-6.204978674133912;0.0;0.0;-8.390548496021786;319.16;14;2014-06-30;320.65;0.4657641154791392;2014.0;6.2;0.36
8;2014-08-08;-5.930010197789854;0.5;0.06666666666666667;;318.58;14;2014-08-08;317.61;-0.30494058430940996;2014.0;6.2;0.36
9;2014-09-26;-5.80073801013683;0.0;0.0;-7.212114985002717;320.44;14;2014-09-26;323.16;0.845250526459207;2014.0;6.2;0.36
10;2014-11-14;-7.8620151245781535;1.5;0.1875;;321.68;14;2014-11-14;322.51;0.2576880918016222;2014.0;6.2;0.36
11;2014-12-25;-6.766651719138959;1.0;0.10526315789473684;-9.310849410836532;311.11;14;2014-12-25;308.06;-0.985197819581618;2014.0;6.2;0.36
12;2014-12-30;-2.1958892020342677;0.0;0.0;;289.99;14;2014-12-30;304.65;4.931713706714902;2014.0;6.2;0.36
13;2015-02-13;-6.722367496937038;-2.0;-0.11764705882352941;;304.27;14;2015-02-13;317.05;4.1144025023927;2015.0;7.2;0.46
14;2015-03-27;-5.121355845086528;-1.0;-0.06666666666666667;-8.869886752654205;318.9;14;2015-03-27;326.49;2.352174636006854;2015.0;7.2;0.46
15;2015-05-14;-6.357559135066115;-1.5;-0.10714285714285714;;336.36;14;2015-05-14;339.41;0.9026801160956666;2015.0;7.2;0.46
16;2015-06-29;-6.702271100625785;-1.0;-0.08;-9.070159373225193;350.17;14;2015-06-29;349.15;-0.29171215561278885;2015.0;7.2;0.46
17;2015-08-14;-4.965063311513991;-0.5;-0.043478260869565216;;354.6;14;2015-08-14;349.25;-1.5202395503036925;2015.0;7.2;0.46
18;2015-09-25;-5.917393391912702;0.0;0.0;-7.572947587883636;348.19;14;2015-09-25;348.4;0.06029371835998276;2015.0;7.2;0.46
19;2015-11-13;-5.713729522307707;0.0;0.0;;355.76;14;2015-11-13;357.32;0.437539263119735;2015.0;7.2;0.46
20;2015-12-25;-6.165860047144953;0.0;0.0;-9.343946130718301;358.9;14;2015-12-25;358.21;-0.19243915520323895;2015.0;7.2;0.46
21;2016-02-12;-6.873474388452071;0.0;0.0;;362.15;14;2016-02-12;361.45;-0.19347711950290503;2016.0;7.3;0.42
22;2016-04-01;-5.701132764428126;0.0;0.0;-8.11760735565921;366.35;14;2016-04-01;366.67;0.08731003801480952;2016.0;7.3;0.42
23;2016-05-13;-4.285522624905351;0.0;0.0;;367.37;14;2016-05-13;369.46;0.567296555548058;2016.0;7.3;0.42
24;2016-06-24;-5.141967837852538;-0.5;-0.045454545454545456;-9.193270211467983;368.72;14;2016-06-24;370.41;0.4572951835509542;2016.0;7.3;0.42
25;2016-08-12;-5.153685756911098;0.0;0.0;;374.31;14;2016-08-12;373.52;-0.21127804283587182;2016.0;7.3;0.42
26;2016-09-30;-5.3945856676447;-0.5;-0.047619047619047616;-10.85829096445404;376.71;14;2016-09-30;378.54;0.48460869417903396;2016.0;7.3;0.42
27;2016-11-11;-4.247185051924369;0.0;0.0;;379.14;14;2016-11-11;378.87;-0.07123916872302516;2016.0;7.3;0.42
28;2016-12-30;-5.224522362458918;0.0;0.0;-10.216359289229997;384.8;14;2016-12-30;388.01;0.8307393695475618;2016.0;7.3;0.42
29;2017-02-17;-5.972102867541159;0.0;0.0;;389.88;14;2017-02-17;389.76;-0.030783438753179126;2017.0;7.3;0.42
30;2017-04-07;-5.976451086367311;-0.25;-0.025;-10.138329717317747;393.03;14;2017-04-07;393.9;0.2211125143171344;2017.0;7.3;0.42
31;2017-05-12;-5.21082435941742;-0.5;-0.05128205128205128;;397.75;14;2017-05-12;399.19;0.3613826805453968;2017.0;7.3;0.42
32;2017-06-30;-7.684616045968009;-0.25;-0.02702702702702703;-10.174987300916673;403.01;14;2017-06-30;404.05;0.25772571448516857;2017.0;7.3;0.42
33;2017-08-11;-6.918267496173505;0.0;0.0;;406.04;14;2017-08-11;408.74;0.6627580164160207;2017.0;7.3;0.42
34;2017-09-29;-6.07203453661727;-0.5;-0.05555555555555555;-9.913927689711194;413.11;14;2017-09-29;415.22;0.5094598924924476;2017.0;7.3;0.42
35;2017-11-10;-6.287036696946751;-0.25;-0.029411764705882353;;418.0;14;2017-11-10;419.52;0.36297680505787966;2017.0;7.3;0.42
36;2017-12-29;-5.998248009886984;-0.5;-0.06060606060606061;-11.196960498692736;424.56;14;2017-12-29;428.62;0.9517406986890187;2017.0;7.3;0.42
38;2018-04-06;-5.552171264241022;-0.25;-0.03333333333333333;-9.722331379666498;438.1;14;2018-04-06;437.12;-0.22394378774821533;2018.0;8.3;0.37
39;2018-05-11;-8.344887492231212;0.0;0.0;;438.26;14;2018-05-11;439.86;0.36441528962924963;2018.0;8.3;0.37
40;2018-06-29;-6.937044868810566;0.0;0.0;-10.920530030516979;439.58;14;2018-06-29;440.01;0.09777283376459778;2018.0;8.3;0.37
41;2018-08-10;-6.639924651131026;0.0;0.0;;440.77;14;2018-08-10;437.81;-0.6738171138396254;2018.0;8.3;0.37
42;2018-09-28;-5.499105185917299;0.25;0.034482758620689655;-9.19299204523229;438.65;14;2018-09-28;442.69;0.9167922248082938;2018.0;8.3;0.37
43;2018-11-09;-6.27864300831847;0.0;0.0;;442.57;14;2018-11-09;443.01;0.09936991264618555;2018.0;8.3;0.37
44;2018-12-28;-5.679919386241788;0.25;0.03333333333333333;-7.63212588713131;446.41;14;2018-12-28;450.07;0.816531397252529;2018.0;8.3;0.37
45;2019-02-22;-5.475785033299257;0.0;0.0;;455.03;14;2019-02-22;456.92;0.41449700224163166;2019.0;8.3;0.31
46;2019-04-05;-5.734642773662598;0.0;0.0;-10.016770691126691;460.31;14;2019-04-05;461.23;0.19966584318478198;2019.0;8.3;0.31
47;2019-05-10;-6.678236802449576;0.0;0.0;;463.25;14;2019-05-10;465.85;0.5596828730965342;2019.0;8.3;0.31
48;2019-06-28;-6.502453963007933;-0.25;-0.03225806451612903;-9.733010654624437;472.32;14;2019-06-28;475.44;0.6583969086352504;2019.0;8.3;0.31
49;2019-08-09;-5.605500660743729;-0.25;-0.03333333333333333;;480.17;14;2019-08-09;481.16;0.2059647259478048;2019.0;8.3;0.31
50;2019-09-20;-6.138628403532102;-0.25;-0.034482758620689655;-10.698152053449348;486.46;14;2019-09-20;488.03;0.32222010659674893;2019.0;8.3;0.31
51;2019-11-08;-5.6597367935254175;-0.5;-0.07142857142857142;;496.28;14;2019-11-08;499.32;0.6106889208179922;2019.0;8.3;0.31
52;2019-12-27;-5.856208063622337;-0.25;-0.038461538461538464;-9.722331379666498;503.34;14;2019-12-27;505.31;0.3906216239410121;2019.0;8.3;0.31
53;2020-02-21;-5.802286649755645;-0.25;-0.04;-9.91532356906116;510.05;14;2020-02-21;511.95;0.3718203892297822;2020.0;9.3;0.33
54;2020-04-03;-7.266085381653719;0.0;0.0;-10.205676920261253;499.88;14;2020-04-03;509.19;1.8453158223966426;2020.0;9.3;0.33
55;2020-05-08;-5.7826801597065;-0.5;-0.08333333333333333;-9.803209180032233;517.34;14;2020-05-08;522.57;1.005864756751862;2020.0;9.3;0.33
56;2020-07-03;-6.434003367385449;-1.0;-0.18181818181818182;-9.963173466248818;530.09;14;2020-07-03;529.93;-0.03018810988759668;2020.0;9.3;0.33
57;2020-08-07;-5.680871983653696;-0.25;-0.05555555555555555;-9.705252163864229;532.4;14;2020-08-07;533.07;0.12576611041366093;2020.0;9.3;0.33
58;2020-10-02;-5.744939403606889;0.0;0.0;-10.96777100241738;534.85;14;2020-10-02;535.03;0.033648633809146844;2020.0;9.3;0.33
59;2020-11-06;-5.745142552313903;0.0;0.0;-9.921480153055436;536.83;14;2020-11-06;538.28;0.2697400041259179;2020.0;9.3;0.33
61;2021-02-26;-5.820539028880427;0.0;0.0;-9.06933487555284;541.46;14;2021-02-26;540.97;-0.09053703860217865;2021.0;9.8;0.32
62;2021-04-02;-5.3567417055260815;0.25;0.058823529411764705;-10.47012459059856;538.87;14;2021-04-02;539.0;0.024121647439923066;2021.0;9.8;0.32
63;2021-05-07;-5.530048451384545;0.5;0.1111111111111111;-10.174987300916673;537.26;14;2021-05-07;530.9;-1.1908469068284688;2021.0;9.8;0.32
64;2021-06-25;-4.9225962021980605;0.5;0.1;-9.196092175684617;526.17;14;2021-06-25;525.11;-0.2016589984056516;2021.0;9.8;0.32
65;2021-08-06;-5.530025961481924;1.0;0.18181818181818182;-10.152931560437063;527.21;14;2021-08-06;528.13;0.17435143803030684;2021.0;9.8;0.32
66;2021-09-24;-5.912915441521451;0.25;0.038461538461538464;-10.814859030199948;529.72;14;2021-09-24;528.81;-0.1719365958791741;2021.0;9.8;0.32
67;2021-11-05;-5.860373883757891;0.75;0.1111111111111111;-11.27328322686144;525.8;14;2021-11-05;521.3;-0.8595220521721458;2021.0;9.8;0.32
